pilot_id,picfirstname,piclastname,alias,company,employeeid,phone,email
1,Dave,Bowman,self,NASA,HAL9000,+12 345 6789,dave@nasa.com
3,Jens,Lehmann,,PanAm,,,
4,Hans,Meise,Hansi,NAS,,,
5,John,Lennon,,NAS,,,
6,Chris,Hadfield,,NASA,,,
7,Chesley,Sullenberger,BIRDS,US Airways,,,
8,Pavel,Checkov,,Federation,,,
9,Wedge,Antilles,,Red Squadron,,,
11,Amelia,Earhart,,PanAm,,,
12,Pete,Mitchell,Maverick,USAF,,,
14,Otto,Lilenthal,,,,,
15,Wilbur,Wright,,,,,
16,Charles,Lindbergh,,,,,
17,Gary,Paterson,,SWISS,,,
18,Richard,Morrison,,SWISS,,,
19,Derek,Henderson,,SWISS,,,
20,Martin,Mitchell,,SWISS,,,
21,Thomas,Gray,,SWISS,,,
22,Neil,Johnston,,SWISS,,,
23,Barry,Graham,,SWISS,,,
24,Ian,Davidson,,SWISS,,,
25,Jason,Mcdonald,,LFT,,,
26,Iain,Kerr,,LFT,,,
27,Gordon,Hamilton,,LFT,aoeu,aoeu,aoeu
28,Alexander,Fraser,,LFT,,,
29,Graeme,Martin,,SWISS,,,
30,Peter,Miller,,SWISS,,,
31,Darren,Ferguson,,SWISS,,,
32,Graham,Bell,,SWISS,,,
33,George,Kelly,,SWISS,,,
34,Kenneth,Duncan,,SWISS,,,
35,Allan,Simpson,,SWISS,,,
36,Simon,Cameron,,SWISS,,,
37,Douglas,Hunter,,SWISS,,,
38,Keith,Mackenzie,,SWISS,,,
39,Lee,Allan,,SWISS,,,
40,Anthony,Macleod,,SWISS,,,
41,Grant,Black,,SWISS,,,
42,Ross,Grant,,SWISS,,,
43,Jonathan,Jones,,SWISS,,,
44,Gavin,Mclean,,SWISS,,,
45,Nicholas,Wright,,SWISS,,,
46,Joseph,Gibson,,SWISS,,,
47,Stewart,Mackay,,SWISS,,,
48,Daniel,Hughes,,SWISS,,,
49,Edward,Kennedy,,SWISS,,,
50,Matthew,Marshall,,SWISS,,,
51,Donald,Murphy,,SWISS,,,
52,Fraser,Russell,,SWISS,,,
53,Garry,Wallace,,SWISS,,,
54,Malcolm,Gordon,,SWISS,,,
55,Charles,Milne,,SWISS,,,
56,Duncan,Muir,,SWISS,,,
57,Alistair,Sutherland,,SWISS,,,
58,Raymond,White,,SWISS,,,
59,Philip,Burns,,SWISS,,,
60,Ronald,Stevenson,,SWISS,,,
61,Ewan,Johnstone,,SWISS,,,
62,Ryan,Watt,,SWISS,,,
63,Francis,Munro,,SWISS,,,
64,Bruce,Craig,,SWISS,,,
65,Patrick,Wood,,SWISS,,,
66,Alastair,Mckenzie,,SWISS,,,
67,Bryan,Ritchie,,SWISS,,,
68,Marc,Millar,,SWISS,,,
69,Jamie,King,,SWISS,,,
70,Hugh,Mcmillan,,SWISS,,,
71,Euan,Mcintosh,,SWISS,,,
72,Gerard,Sinclair,,SWISS,,,
73,Sean,Thompson,,SWISS,,,
74,Wayne,Williams,,SWISS,,,
75,Adam,Williamson,,SWISS,,,
76,Calum,Cunningham,,SWISS,,,
77,Alasdair,Crawford,,SWISS,,,
78,Robin,Docherty,,SWISS,,,
79,Greig,Mckay,,SWISS,,,
80,Angus,Mcgregor,,SWISS,,,
81,Russell,Dickson,,SWISS,,,
82,Cameron,Douglas,,SWISS,,,
83,Roderick,Christie,,SWISS,,,
84,Norman,Moore,,SWISS,,,
85,Murray,Fleming,,SWISS,,,
86,Gareth,Boyd,,SWISS,,,
87,Dean,Hill,,SWISS,,,
88,Eric,Ward,,SWISS,,,
89,Adrian,Hall,,SWISS,,,
90,Gregor,Boyle,,SWISS,,,
91,Samuel,Lindsay,,SWISS,,,
92,Gerald,Maclean,,SWISS,,,
93,Henry,Jackson,,SWISS,,,
94,Justin,Mclaughlin,,SWISS,,,
95,Benjamin,Nicol,,SWISS,,,
96,Shaun,Shaw,,SWISS,,,
97,Callum,Green,,SWISS,,,
98,Campbell,Bruce,,SWISS,,,
99,Frank,Aitken,,SWISS,,,
100,Roy,Forbes,,SWISS,,,
101,Timothy,Hay,,SWISS,,,
102,David,Ramsay,,SWISS,,,
103,John,Currie,,PanAm,,,
104,Paul,Jamieson,,NAS,,,
105,James,Mcfarlane,,NAS,,,
106,Mark,Cooper,,Norwegian,,,
107,Scott,Alexander,,NAI,,,
108,Andrew,Cowan,,Lufthansa,,,
109,Steven,Gallagher,,Emirates,,,
110,Robert,Whyte,,SWISS,,,
111,Stephen,Irvine,,SWISS,,,
112,Craig,O'neill,,SWISS,,,
113,Christopher,Adams,,SWISS,,,
114,Alan,Mackie,,SWISS,,,
115,Michael,Mcleod,,SWISS,,,
116,Stuart,Donaldson,,SWISS,,,
117,William,Mcintyre,,SWISS,,,
118,Kevin,Quinn,,SWISS,,,
119,Colin,Cook,,SWISS,,,
120,Brian,Richardson,,SWISS,,,
121,Derek,Duffy,,SWISS,,,
122,Neil,Hutchison,,SWISS,,,
123,Richard,Reilly,,LFT,,,
124,Gary,Armstrong,,LFT,,,
125,Barry,Bain,,LFT,,,
126,Martin,Rae,,LFT,,,
127,Thomas,Beattie,,SWISS,,,
128,Ian,Chalmers,,SWISS,,,
129,Gordon,Findlay,,SWISS,,,
130,Kenneth,Evans,,SWISS,,,
131,Alexander,Gallacher,,SWISS,,,
132,Graeme,Morris,,SWISS,,,
133,Peter,O'donnell,,SWISS,,,
134,Iain,Roberts,,SWISS,,,
135,Graham,Morgan,,SWISS,,,
136,Jason,Robinson,,SWISS,,,
137,George,Strachan,,SWISS,,,
138,Allan,Buchanan,,SWISS,,,
139,Keith,Cairns,,SWISS,,,
140,Darren,Paton,,SWISS,,,
141,Simon,Dunn,,SWISS,,,
142,Douglas,Mccallum,,SWISS,,,
143,Ross,Mclaren,,SWISS,,,
144,Stewart,Johnson,,SWISS,,,
145,Lee,Stuart,,SWISS,,,
146,Grant,Kane,,SWISS,,,
147,Nicholas,Davies,,SWISS,,,
148,Joseph,Buchan,,SWISS,,,
149,Gavin,Turner,,SWISS,,,
150,Anthony,Maxwell,,SWISS,,,
151,Jonathan,Rennie,,SWISS,,,
152,Daniel,Mcculloch,,SWISS,,,
153,Fraser,Tait,,SWISS,,,
154,Matthew,Ali,,SWISS,,,
155,Donald,Weir,,SWISS,,,
156,Malcolm,Moffat,,SWISS,,,
157,Alistair,Collins,,SWISS,,,
158,Edward,Barr,,SWISS,,,
159,Raymond,Blair,,SWISS,,,
160,Charles,Lawson,,SWISS,,,
161,Philip,Laing,,SWISS,,,
162,Bruce,Mcewan,,SWISS,,,
163,Garry,Murdoch,,SWISS,,,
164,Jamie,Welsh,,SWISS,,,
165,Ryan,Clarke,,SWISS,,,
166,Bryan,Fisher,,SWISS,,,
167,Francis,Forsyth,,SWISS,,,
168,Alastair,Harris,,SWISS,,,
169,Duncan,Baird,,SWISS,,,
170,Patrick,Barclay,,SWISS,,,
171,Ronald,Mckenna,,SWISS,,,
172,Alasdair,Jack,,SWISS,,,
173,Ewan,Lynch,,SWISS,,,
174,Marc,Thomas,,SWISS,,,
175,Wayne,Drummond,,SWISS,,,
176,Hugh,Donnelly,,SWISS,,,
177,Robin,Innes,,SWISS,,,
178,Sean,Lee,,SWISS,,,
179,Calum,Logan,,SWISS,,,
180,Euan,Mcallister,,SWISS,,,
181,Adam,Mcgowan,,SWISS,,,
182,Russell,Montgomery,,SWISS,,,
183,Cameron,Gillespie,,SWISS,,,
184,Gerard,Mcmahon,,SWISS,,,
185,Murray,Singh,,SWISS,,,
186,Norman,Turnbull,,SWISS,,,
187,Angus,Ahmed,,SWISS,,,
188,Greig,Harvey,,SWISS,,,
189,Justin,O'brien,,SWISS,,,
190,Gregor,Park,,SWISS,,,
191,Gerald,Nelson,,SWISS,,,
192,Roderick,Webster,,SWISS,,,
193,Roy,Donald,,SWISS,,,
194,Benjamin,Hogg,,SWISS,,,
195,Timothy,Macpherson,,SWISS,,,
196,Dean,Spence,,Lufthansa,,,
197,Samuel,Bennett,,Lufthansa,,,
198,Greg,Cochrane,,Lufthansa,,,
199,Shaun,Gilmour,,Lufthansa,,,
200,Adrian,Morton,,Lufthansa,,,
201,Campbell,Pollock,,Lufthansa,,,
202,David,Stephen,,Lufthansa,,,
203,John,Hendry,,Lufthansa,,,
204,Paul,Mason,,Lufthansa,,,
205,James,Mcarthur,,Lufthansa,,,
206,Andrew,Harrison,,Lufthansa,,,
207,Steven,Robb,,Lufthansa,,,
208,Scott,Inglis,,Lufthansa,,,
209,Mark,Baillie,,Lufthansa,,,
210,Robert,Sharp,,Lufthansa,,,
211,Stephen,Sneddon,,Lufthansa,,,
212,Craig,Cumming,,Lufthansa,,,
213,Christopher,Greig,,Lufthansa,,,
214,Stuart,Orr,,Lufthansa,,,
215,Alan,Phillips,,Lufthansa,,,
216,William,Higgins,,Lufthansa,,,
217,Michael,Patterson,,Lufthansa,,,
218,Kevin,Mcguire,,Lufthansa,,,
219,Colin,Sweeney,,Lufthansa,,,
220,Brian,Edwards,,Lufthansa,,,
221,Derek,Macfarlane,,Lufthansa,,,
222,Neil,Mullen,,Lufthansa,,,
223,Richard,Shields,,Lufthansa,,,
224,Martin,Baxter,,Lufthansa,,,
225,Gary,Falconer,,Lufthansa,,,
226,Ross,Todd,,Lufthansa,,,
227,Thomas,Adam,,Lufthansa,,,
228,Ian,Khan,,Lufthansa,,,
229,Iain,Noble,,Lufthansa,,,
230,Barry,Cowie,,Lufthansa,,,
231,Gordon,Gibb,,Lufthansa,,,
232,Graeme,Laird,,Lufthansa,,,
233,Graham,Ellis,,Lufthansa,,,
234,Alexander,Downie,,Lufthansa,,,
235,Peter,Steele,,Lufthansa,,,
236,Kenneth,Dick,,Lufthansa,,,
237,Simon,Mccann,,Lufthansa,,,
238,Allan,Stirling,,Lufthansa,,,
239,Darren,Carr,,Lufthansa,,,
240,George,Connelly,,Lufthansa,,,
241,Douglas,Davis,,Lufthansa,,,
242,Jason,Mcpherson,,Lufthansa,,,
243,Lee,Forrest,,Lufthansa,,,
244,Gavin,Woods,,Lufthansa,,,
245,Anthony,Little,,Lufthansa,,,
246,Jonathan,Adamson,,Lufthansa,,,
247,Stewart,Galloway,,Lufthansa,,,
248,Jamie,Gardner,,Lufthansa,,,
249,Keith,Harper,,Lufthansa,,,
250,Matthew,Law,,Lufthansa,,,
251,Joseph,Main,,Lufthansa,,,
252,Daniel,Mcdougall,,Lufthansa,,,
253,Edward,Milligan,,Lufthansa,,,
254,Nicholas,Mccormick,,Lufthansa,,,
255,Grant,Mcghee,,Lufthansa,,,
256,Ryan,Dawson,,Lufthansa,,,
257,Philip,Howie,,Lufthansa,,,
258,Alistair,Leslie,,Lufthansa,,,
259,Donald,Mackinnon,,Lufthansa,,,
260,Charles,Mccabe,,Lufthansa,,,
261,Duncan,Mcneill,,Lufthansa,,,
262,Garry,Rankin,,Lufthansa,,,
263,Malcolm,Lang,,Lufthansa,,,
264,Raymond,Mcbride,,Lufthansa,,,
265,Bryan,Shepherd,,Lufthansa,,,
266,Ewan,Allen,,Lufthansa,,,
267,Fraser,Mcphee,,Lufthansa,,,
268,Alastair,Cruickshank,,Lufthansa,,,
269,Euan,Lewis,,Lufthansa,,,
270,Patrick,Mills,,Lufthansa,,,
271,Bruce,Nicholson,,Lufthansa,,,
272,Ronald,Reynolds,,Lufthansa,,,
273,Greig,Allison,,Lufthansa,,,
274,Hugh,Doherty,,Lufthansa,,,
275,Francis,Duff,,Lufthansa,,,
276,Gerard,Houston,,Lufthansa,,,
277,Russell,Rutherford,,Lufthansa,,,
278,Alasdair,Dunlop,,Lufthansa,,,
279,Adam,Knox,,Lufthansa,,,
280,Marc,Bradley,,Lufthansa,,,
281,Sean,Burnett,,Lufthansa,,,
282,Benjamin,Parker,,Lufthansa,,,
283,Gregor,Chapman,,Lufthansa,,,
284,Calum,Hart,,Lufthansa,,,
285,Wayne,Nicolson,,Lufthansa,,,
286,Robin,Porter,,Lufthansa,,,
287,Roderick,Devine,,Lufthansa,,,
288,Murray,Devlin,,Lufthansa,,,
289,Greg,Gardiner,,Lufthansa,,,
290,Angus,Low,,Lufthansa,,,
291,Cameron,Mair,,Lufthansa,,,
292,Gerald,Urquhart,,Lufthansa,,,
293,Shaun,Geddes,,Lufthansa,,,
294,Samuel,Steel,,Lufthansa,,,
295,Timothy,Cox,,Lufthansa,,,
296,Liam,Gunn,,Lufthansa,,,
297,Campbell,Kirk,,Lufthansa,,,
298,Gareth,Mccormack,,Lufthansa,,,
299,Niall,Mcgill,,Lufthansa,,,
300,Dean,Lamb,,Lufthansa,,,
301,Justin,Mcdowall,,Lufthansa,,,
302,David,Wilkie,,Lufthansa,,,
303,John,Cassidy,,Lufthansa,,,
304,Paul,Gillies,,Lufthansa,,,
305,James,Love,,Lufthansa,,,
306,Andrew,Pearson,,Lufthansa,,,
307,Steven,Petrie,,Lufthansa,,,
308,Scott,Rodger,,Lufthansa,,,
309,Mark,Moir,,Lufthansa,,,
310,Robert,Rooney,,Lufthansa,,,
311,Christopher,Shearer,,Lufthansa,,,
312,Craig,Carroll,,Lufthansa,,,
313,Stuart,Elliott,,Lufthansa,,,
314,Kevin,Fitzpatrick,,Lufthansa,,,
315,Alan,Hardie,,Lufthansa,,,
316,Michael,Hussain,,Lufthansa,,,
317,Stephen,Macmillan,,Lufthansa,,,
318,William,Swan,,Lufthansa,,,
319,Colin,Baker,,Lufthansa,,,
320,Brian,Doyle,,Lufthansa,,,
321,Neil,Macgregor,,Lufthansa,,,
322,Richard,Macrae,,Lufthansa,,,
323,Ross,Fulton,,Lufthansa,,,
324,Thomas,Mooney,,Lufthansa,,,
325,Gary,Calder,,Lufthansa,,,
326,Derek,Lamont,,Lufthansa,,,
327,Iain,Gill,,Lufthansa,,,
328,Gordon,Hannah,,Lufthansa,,,
329,Graeme,Malcolm,,Lufthansa,,,
330,Martin,Connor,,Lufthansa,,,
331,Barry,Rose,,Lufthansa,,,
332,Gavin,Barnes,,Lufthansa,,,
333,Ian,Foster,,Lufthansa,,,
334,Kenneth,Grieve,,Lufthansa,,,
335,Alexander,Mcconnell,,Lufthansa,,,
336,Peter,Mclellan,,Lufthansa,,,
337,Graham,Holmes,,Lufthansa,,,
338,Allan,Kay,,Lufthansa,,,
339,Darren,Livingstone,,Lufthansa,,,
340,Jamie,Smart,,Lufthansa,,,
341,Simon,Waddell,,Lufthansa,,,
342,Lee,West,,Lufthansa,,,
343,George,Palmer,,Lufthansa,,,
344,Keith,Ryan,,Lufthansa,,,
345,Stewart,Brennan,,Lufthansa,,,
346,Douglas,Easton,,Lufthansa,,,
347,Jonathan,Farrell,,Lufthansa,,,
348,Matthew,Henry,,Lufthansa,,,
349,Daniel,Mccoll,,Lufthansa,,,
350,Grant,Mckinnon,,Lufthansa,,,
351,Joseph,Mclachlan,,Lufthansa,,,
352,Jason,Moran,,Lufthansa,,,
353,Anthony,Oliver,,Lufthansa,,,
354,Ryan,Callaghan,,Lufthansa,,,
355,Edward,Carter,,Lufthansa,,,
356,Fraser,Galbraith,,Lufthansa,,,
357,Donald,Mccafferty,,Lufthansa,,,
358,Charles,Caldwell,,Lufthansa,,,
359,Garry,Coyle,,Lufthansa,,,
360,Duncan,Gilchrist,,Lufthansa,,,
361,Nicholas,Menzies,,Lufthansa,,,
362,Raymond,Sim,,Lufthansa,,,
363,Alistair,Wilkinson,,Lufthansa,,,
364,Bryan,Jenkins,,Lufthansa,,,
365,Philip,Kidd,,Lufthansa,,,
366,Alastair,Beveridge,,Lufthansa,,,
367,Malcolm,Flynn,,Lufthansa,,,
368,Alasdair,Fox,,Lufthansa,,,
369,Russell,Lowe,,Lufthansa,,,
370,Patrick,Price,,Lufthansa,,,
371,Euan,Carson,,Lufthansa,,,
372,Ewan,Cullen,,Lufthansa,,,
373,Gareth,Finlayson,,Lufthansa,,,
374,Bruce,Hood,,Lufthansa,,,
375,Adam,Mann,,Lufthansa,,,
376,Gerard,Manson,,Lufthansa,,,
377,Greig,Neil,,Lufthansa,,,
378,Marc,Brady,,Lufthansa,,,
379,Sean,Byrne,,Lufthansa,,,
380,Robin,Mcneil,,Lufthansa,,,
381,Ronald,O'connor,,Lufthansa,,,
382,Benjamin,Archibald,,Lufthansa,,,
383,Francis,Brodie,,Lufthansa,,,
384,Gregor,Carmichael,,Lufthansa,,,
385,Greg,Curran,,Lufthansa,,,
386,Hugh,Dunbar,,Lufthansa,,,
387,Calum,Fletcher,,Lufthansa,,,
388,Shaun,Halliday,,Lufthansa,,,
389,Cameron,James,,Lufthansa,,,
390,Roderick,Keenan,,Lufthansa,,,
391,Angus,Matheson,,Lufthansa,,,
392,Gerald,Mccluskey,,Lufthansa,,,
393,Rory,Aitchison,,Lufthansa,,,
394,Samuel,Hume,,Lufthansa,,,
395,Wayne,Melville,,Lufthansa,,,
396,Murray,Robson,,Lufthansa,,,
397,Norman,Bryce,,Lufthansa,,,
398,Timothy,Connolly,,Lufthansa,,,
399,Dean,Edgar,,Lufthansa,,,
400,Martyn,Ford,,Lufthansa,,,
401,Roy,Leitch,,Lufthansa,,,
402,Wesley,Maclennan,,Lufthansa,,,
403,David,Middleton,,Lufthansa,,,
404,John,Penman,,Lufthansa,,,
405,Andrew,Andrews,,Lufthansa,,,
406,Paul,Knight,,Lufthansa,,,
407,James,Pirie,,Lufthansa,,,
408,Scott,Ballantyne,,Lufthansa,,,
409,Christopher,Bremner,,Lufthansa,,,
410,Steven,Bryson,,Norwegian,,,
411,Michael,Burke,,Norwegian,,,
412,Mark,Frew,,Norwegian,,,
413,Robert,Hutton,,Norwegian,,,
414,Craig,Lawrie,,Norwegian,,,
415,Kevin,Nicoll,,Norwegian,,,
416,Stuart,Paul,,Norwegian,,,
417,Alan,Wylie,,Norwegian,,,
418,Stephen,Burgess,,Norwegian,,,
419,William,Hepburn,,Norwegian,,,
420,Ross,Macinnes,,Norwegian,,,
421,Colin,Banks,,Norwegian,,,
422,Brian,Beaton,,Norwegian,,,
423,Richard,Berry,,Norwegian,,,
424,Barry,Lawrence,,Norwegian,,,
425,Neil,Maciver,,Norwegian,,,
426,Derek,Mathieson,,Norwegian,,,
427,Gordon,Coutts,,Norwegian,,,
428,Thomas,Mcinnes,,Norwegian,,,
429,Graeme,Mcqueen,,Norwegian,,,
430,Martin,Monaghan,,Norwegian,,,
431,Peter,Nisbet,,Norwegian,,,
432,Keith,Sloan,,Norwegian,,,
433,Lee,Arthur,,Norwegian,,,
434,Ryan,Elder,,Norwegian,,,
435,Joseph,Gemmell,,Norwegian,,,
436,Matthew,Guthrie,,Norwegian,,,
437,Grant,Kaur,,Norwegian,,,
438,Anthony,Macaulay,,Norwegian,,,
439,Jason,Walsh,,Norwegian,,,
440,Jonathan,Barrett,,Norwegian,,,
441,Duncan,Booth,,Norwegian,,,
442,Fraser,Finlay,,Norwegian,,,
443,Donald,Frame,,Norwegian,,,
444,Garry,Lafferty,,Norwegian,,,
445,Nicholas,Mcmanus,,Norwegian,,,
446,Alistair,Skinner,,Norwegian,,,
447,Bryan,Dewar,,Norwegian,,,
448,Charles,Goodwin,,Norwegian,,,
449,Raymond,Gourlay,,Norwegian,,,
450,Philip,Mccarthy,,Norwegian,,,
451,Marc,Mccartney,,Norwegian,,,
452,Euan,Mckeown,,Norwegian,,,
453,Edward,Neilson,,Norwegian,,,
454,Gareth,Atkinson,,Norwegian,,,
455,Sean,Dickie,,Norwegian,,,
456,Adam,Kyle,,Norwegian,,,
457,Alasdair,Meikle,,Norwegian,,,
458,Alastair,Rodgers,,Norwegian,,,
459,Greig,Butler,,Norwegian,,,
460,Ronald,Dixon,,Norwegian,,,
461,Malcolm,Dow,,Norwegian,,,
462,Patrick,Drysdale,,Norwegian,,,
463,Ewan,Fowler,,Norwegian,,,
464,Russell,Gillan,,Norwegian,,,
465,Greg,Kirkwood,,Norwegian,,,
466,Gregor,Lumsden,,Norwegian,,,
467,Robin,Slater,,Norwegian,,,
468,Benjamin,Chisholm,,Norwegian,,,
469,Bruce,Connell,,Norwegian,,,
470,Gerard,Jardine,,Norwegian,,,
471,Francis,Meechan,,Norwegian,,,
472,Hugh,Roy,,Norwegian,,,
473,Calum,Saunders,,Norwegian,,,
474,Cameron,Stevens,,Norwegian,,,
475,Shaun,Andrew,,Norwegian,,,
476,Wayne,Duthie,,Norwegian,,,
477,Samuel,Glen,,Norwegian,,,
478,Murray,Jeffrey,,Norwegian,,,
479,Roderick,Laidlaw,,Norwegian,,,
480,Barrie,Maguire,,Norwegian,,,
481,Callum,Malone,,Norwegian,,,
482,Angus,Marr,,Norwegian,,,
483,Liam,Mcdermott,,Norwegian,,,
484,Rory,Mckechnie,,Norwegian,,,
485,Niall,Bailey,,Norwegian,,,
486,Timothy,Barrie,,Norwegian,,,
487,Antony,Lyon,,Norwegian,,,
488,David,Mcadam,,Norwegian,,,
489,John,Mckinlay,,Norwegian,,,
490,Andrew,Rafferty,,Norwegian,,,
491,Paul,Bowman,,Norwegian,,,
492,James,Farquhar,,Norwegian,,,
493,Christopher,Fyfe,,Norwegian,,,
494,Steven,Gorman,,Norwegian,,,
495,Scott,Griffin,,Norwegian,,,
496,Mark,Jordan,,Norwegian,,,
497,Robert,Mcginley,,Norwegian,,,
498,Craig,Mcgrath,,SAS,,,
499,Kevin,Ogilvie,,PanAm,,,
500,Michael,Webb,,PanAm,,,
501,Stuart,Day,,NAS,,,
502,Stephen,Hope,,NAS,,,
503,Alan,Hunt,,Norwegian,,,
504,Colin,Lockhart,,NAI,,,
505,William,Mackintosh,,Lufthansa,,,
506,Brian,Mccall,,Emirates,,,
507,Barry,Mcfadyen,,SWISS,,,
508,Ross,Pratt,,SWISS,,,
509,Gary,Waugh,,SWISS,,,
510,Martin,Angus,,SWISS,,,
511,Thomas,Cairney,,SWISS,,,
512,Richard,Carruthers,,SWISS,,,
513,Graeme,Cross,,SWISS,,,
514,Neil,Dodds,,SWISS,,,
515,Peter,Holland,,SWISS,,,
516,Iain,Matthews,,SWISS,,,
517,Gordon,Mclaughlan,,SWISS,,,
518,Derek,Small,,SWISS,,,
519,Ian,Thom,,SWISS,,,
520,Alexander,Borthwick,,LFT,,,
521,Kenneth,Conway,,LFT,,,
522,Graham,Cummings,,LFT,,,
523,Allan,Daly,,LFT,,,
524,Darren,Mohammed,,SWISS,,,
525,Gavin,Stark,,SWISS,,,
526,Jamie,Barker,,SWISS,,,
527,Douglas,Davie,,SWISS,,,
528,Ryan,Deans,,SWISS,,,
529,Simon,Griffiths,,SWISS,,,
530,George,Horne,,SWISS,,,
531,Matthew,Mckee,,SWISS,,,
532,Lee,Riddell,,SWISS,,,
533,Stewart,Cuthbert,,SWISS,,,
534,Keith,Ewing,,SWISS,,,
535,Daniel,Hayes,,SWISS,,,
536,Anthony,Ingram,,SWISS,,,
537,Grant,Richards,,SWISS,,,
538,Gareth,Tierney,,SWISS,,,
539,Jonathan,Agnew,,SWISS,,,
540,Joseph,Barron,,SWISS,,,
541,Alistair,Coull,,SWISS,,,
542,Charles,Fairley,,SWISS,,,
543,Edward,Ireland,,SWISS,,,
544,Fraser,Keith,,SWISS,,,
545,Duncan,Kemp,,SWISS,,,
546,Garry,Mcdade,,SWISS,,,
547,Bryan,Mcguinness,,SWISS,,,
548,Ewan,Mclauchlan,,SWISS,,,
549,Nicholas,Newlands,,SWISS,,,
550,Donald,Rogers,,SWISS,,,
551,Philip,Somerville,,SWISS,,,
552,Alastair,Templeton,,SWISS,,,
553,Adam,Bowie,,SWISS,,,
554,Jason,Coleman,,SWISS,,,
555,Euan,Corbett,,SWISS,,,
556,Russell,Elliot,,SWISS,,,
557,Sean,Goldie,,SWISS,,,
558,Malcolm,Heron,,SWISS,,,
559,Patrick,Macdougall,,SWISS,,,
560,Raymond,Mcfadden,,SWISS,,,
561,Alasdair,Mcnaughton,,SWISS,,,
562,Liam,Meldrum,,SWISS,,,
563,Greig,Rice,,SWISS,,,
564,Gregor,Speirs,,SWISS,,,
565,Ronald,Barbour,,SWISS,,,
566,Greg,Blyth,,SWISS,,,
567,Shaun,Colquhoun,,SWISS,,,
568,Wayne,Mcgovern,,SWISS,,,
569,Bruce,Mcnab,,SWISS,,,
570,Marc,Mcvey,,SWISS,,,
571,Robin,Napier,,SWISS,,,
572,Cameron,Owens,,SWISS,,,
573,Francis,Patrick,,SWISS,,,
574,Angus,Ramage,,SWISS,,,
575,Gerard,Whitelaw,,SWISS,,,
576,Kris,Ahmad,,SWISS,,,
577,Calum,Harkins,,SWISS,,,
578,Benjamin,Hodge,,SWISS,,,
579,Rory,Lees,,SWISS,,,
580,Dean,Mcguigan,,SWISS,,,
581,Timothy,Mcquade,,SWISS,,,
582,Samuel,Neill,,SWISS,,,
583,Niall,Nolan,,SWISS,,,
584,Hugh,O'hare,,SWISS,,,
585,Lewis,Potter,,SWISS,,,
586,Murray,Sanderson,,SWISS,,,
587,Justin,Semple,,SWISS,,,
588,Roderick,Steven,,SWISS,,,
589,David,Summers,,SWISS,,,
590,John,Arnott,,SWISS,,,
591,Andrew,Cockburn,,SWISS,,,
592,James,Fotheringham,,SWISS,,,
593,Christopher,French,,SWISS,,,
594,Paul,Gilbert,,SWISS,,,
595,Steven,Iqbal,,SWISS,,,
596,Kevin,Mchugh,,SWISS,,,
597,Robert,Mclennan,,SWISS,,,
598,Scott,Muirhead,,PanAm,,,
599,Craig,O'hara,,NAS,,,
600,Michael,Richmond,,NAS,,,
601,Mark,Walton,,Norwegian,,,
602,Stuart,Burton,,NAI,,,
603,Stephen,Dempster,,Lufthansa,,,
604,Alan,Harley,,Emirates,,,
605,William,Kirkpatrick,,SWISS,,,
606,Gary,Macintyre,,SWISS,,,
607,Ross,Mcinally,,SWISS,,,
608,Colin,Bisset,,SWISS,,,
609,Brian,Brooks,,SWISS,,,
610,Barry,Carlin,,SWISS,,,
611,Richard,Cormack,,SWISS,,,
612,Martin,Crichton,,SWISS,,,
613,Thomas,Dougan,,SWISS,,,
614,Neil,Mckie,,SWISS,,,
615,Peter,Mcmaster,,SWISS,,,
616,Iain,Mcnulty,,SWISS,,,
617,Graeme,Owen,,SWISS,,,
618,Ian,Pringle,,LFT,,,
619,Gordon,Shand,,LFT,,,
620,Alexander,Wells,,LFT,,,
621,Ryan,Austin,,LFT,,,
622,Derek,Brownlie,,SWISS,,,
623,Kenneth,Dalziel,,SWISS,,,
624,Allan,Dolan,,SWISS,,,
625,Jamie,Ewen,,SWISS,,,
626,Graham,Hyslop,,SWISS,,,
627,Gavin,Jarvie,,SWISS,,,
628,Darren,Madden,,SWISS,,,
629,Stewart,Mccaig,,SWISS,,,
630,Gareth,Mccutcheon,,SWISS,,,
631,Jonathan,Mckellar,,SWISS,,,
632,Daniel,Mcphail,,SWISS,,,
633,Douglas,Newton,,SWISS,,,
634,Grant,Purdie,,SWISS,,,
635,Lee,Sullivan,,SWISS,,,
636,George,Forrester,,SWISS,,,
637,Joseph,Hamill,,SWISS,,,
638,Simon,Lister,,SWISS,,,
639,Matthew,Lyons,,SWISS,,,
640,Keith,Mcaulay,,SWISS,,,
641,Anthony,Mcauley,,SWISS,,,
642,Fraser,Mccracken,,SWISS,,,
643,Garry,Mcshane,,SWISS,,,
644,Alistair,Philip,,SWISS,,,
645,Bryan,Shanks,,SWISS,,,
646,Philip,Short,,SWISS,,,
647,Adam,Telfer,,SWISS,,,
648,Sean,Thornton,,SWISS,,,
649,Duncan,Wyllie,,SWISS,,,
650,Edward,Boyce,,SWISS,,,
651,Charles,Cannon,,SWISS,,,
652,Ewan,Chambers,,SWISS,,,
653,Russell,Dillon,,SWISS,,,
654,Donald,Doig,,SWISS,,,
655,Patrick,Erskine,,SWISS,,,
656,Alastair,Finnigan,,SWISS,,,
657,Euan,Flett,,SWISS,,,
658,Jason,Hutchinson,,SWISS,,,
659,Nicholas,Laurie,,SWISS,,,
660,Marc,Liddell,,SWISS,,,
661,Raymond,Linton,,SWISS,,,
662,Malcolm,Lynn,,SWISS,,,
663,Greig,Mcalpine,,SWISS,,,
664,Alasdair,Mcknight,,SWISS,,,
665,Greg,Mutch,,SWISS,,,
666,Liam,Nixon,,SWISS,,,
667,Shaun,O'rourke,,SWISS,,,
668,Francis,Page,,SWISS,,,
669,Ronald,Prentice,,SWISS,,,
670,Benjamin,Riley,,SWISS,,,
671,Cameron,Barton,,SWISS,,,
672,Dean,Crombie,,SWISS,,,
673,Niall,Dyer,,SWISS,,,
674,Gerard,Farmer,,SWISS,,,
675,Murray,Ferrier,,SWISS,,,
676,Robin,George,,SWISS,,,
677,Timothy,Glass,,SWISS,,,
678,Bruce,Greer,,SWISS,,,
679,Hugh,Hudson,,SWISS,,,
680,Calum,Leask,,SWISS,,,
681,Kris,Mcleish,,SWISS,,,
682,Wayne,Mcwilliam,,SWISS,,,
683,Roderick,Mulholland,,SWISS,,,
684,Samuel,Newman,,SWISS,,,
685,Martyn,Payne,,SWISS,,,
686,Angus,Powell,,SWISS,,,
687,Gregor,Balfour,,SWISS,,,
688,Jon,Chan,,SWISS,,,
689,Rory,Chen,,SWISS,,,
690,David,Cuthbertson,,SWISS,,,
691,John,Gow,,Lufthansa,,,
692,Andrew,Haddow,,Lufthansa,,,
693,Christopher,Hastie,,Lufthansa,,,
694,James,Healy,,Lufthansa,,,
695,Paul,Kenny,,Lufthansa,,,
696,Steven,Lorimer,,Lufthansa,,,
697,Craig,Lyall,,Lufthansa,,,
698,Michael,Macphee,,Lufthansa,,,
699,Scott,Mcclure,,Lufthansa,,,
700,Kevin,Mcclymont,,Lufthansa,,,
701,Robert,Mcgarry,,Lufthansa,,,
702,Mark,Niven,,Lufthansa,,,
703,Stuart,Peacock,,Lufthansa,,,
704,Stephen,Perry,,Lufthansa,,,
705,Gary,Preston,,Lufthansa,,,
706,Alan,Spencer,,Lufthansa,,,
707,William,Valentine,,Lufthansa,,,
708,Ross,Wishart,,Lufthansa,,,
709,Colin,Begg,,Lufthansa,,,
710,Martin,Dunsmore,,Lufthansa,,,
711,Thomas,Faulds,,Lufthansa,,,
712,Barry,Hassan,,Lufthansa,,,
713,Brian,Hewitt,,Lufthansa,,,
714,Neil,Irving,,Lufthansa,,,
715,Richard,Leonard,,Lufthansa,,,
716,Graeme,Mcbain,,Lufthansa,,,
717,Peter,Mcrae,,Lufthansa,,,
718,Iain,Quigley,,Lufthansa,,,
719,Gordon,Swanson,,Lufthansa,,,
720,Ian,Townsley,,Lufthansa,,,
721,Alexander,Watters,,Lufthansa,,,
722,Darren,Armour,,Lufthansa,,,
723,Derek,Bird,,Lufthansa,,,
724,Graham,Bolton,,Lufthansa,,,
725,Ryan,Borland,,Lufthansa,,,
726,Jamie,Brunton,,Lufthansa,,,
727,Kenneth,Canning,,Lufthansa,,,
728,Allan,Crossan,,Lufthansa,,,
729,Gavin,Freeman,,Lufthansa,,,
730,Jonathan,Lennon,,Lufthansa,,,
731,Daniel,Lennox,,Lufthansa,,,
732,George,Mcwilliams,,Lufthansa,,,
733,Douglas,Rowan,,Lufthansa,,,
734,Stewart,Shannon,,Lufthansa,,,
735,Matthew,Traynor,,Lufthansa,,,
736,Anthony,Tulloch,,Lufthansa,,,
737,Keith,Warren,,Lufthansa,,,
738,Grant,Wiseman,,Lufthansa,,,
739,Sean,Yule,,Lufthansa,,,
740,Simon,Blackwood,,Lufthansa,,,
741,Gareth,Casey,,Lufthansa,,,
742,Garry,Cole,,Lufthansa,,,
743,Lee,Glover,,Lufthansa,,,
744,Fraser,Hadden,,Lufthansa,,,
745,Alistair,Imrie,,Lufthansa,,,
746,Adam,Masson,,Lufthansa,,,
747,Joseph,Mccreadie,,Lufthansa,,,
748,Nicholas,Mclelland,,Lufthansa,,,
749,Bryan,Mcnair,,Lufthansa,,,
750,Charles,Mcnally,,Lufthansa,,,
751,Duncan,Meek,,Lufthansa,,,
752,Philip,Pettigrew,,Lufthansa,,,
753,Russell,Ralston,,Lufthansa,,,
754,Donald,Rattray,,Lufthansa,,,
755,Edward,Smyth,,Lufthansa,,,
756,Marc,Syme,,Lufthansa,,,
757,Alastair,Torrance,,Lufthansa,,,
758,Greg,Yates,,Lufthansa,,,
759,Euan,Auld,,Lufthansa,,,
760,Raymond,Barnett,,Lufthansa,,,
761,Shaun,Brand,,Lufthansa,,,
762,Ewan,Clements,,Lufthansa,,,
763,Jason,Coulter,,Lufthansa,,,
764,Patrick,Finnie,,Lufthansa,,,
765,Alasdair,Gauld,,Lufthansa,,,
766,Gerard,Gilfillan,,Lufthansa,,,
767,Malcolm,Goodall,,Lufthansa,,,
768,Calum,Keir,,Lufthansa,,,
769,Liam,Lambert,,Lufthansa,,,
770,Bruce,Nimmo,,Lufthansa,,,
771,Ronald,Scullion,,Lufthansa,,,
772,Kris,Sharkey,,Lufthansa,,,
773,Hugh,Binnie,,Lufthansa,,,
774,Lewis,Buckley,,Lufthansa,,,
775,Dean,Clelland,,Lufthansa,,,
776,Greig,Dale,,Lufthansa,,,
777,Benjamin,Dean,,Lufthansa,,,
778,Wayne,Foley,,Lufthansa,,,
779,Martyn,Garden,,Lufthansa,,,
780,Niall,Herd,,Lufthansa,,,
781,Callum,Hopkins,,Lufthansa,,,
782,Francis,Howe,,Lufthansa,,,
783,Cameron,Joyce,,Lufthansa,,,
784,Gregor,Lauder,,Lufthansa,,,
785,Angus,Liddle,,Lufthansa,,,
786,Aaron,Macaskill,,Lufthansa,,,
787,Blair,Mcdermid,,Lufthansa,,,
788,Dale,Mckelvie,,Lufthansa,,,
789,Samuel,Melvin,,Lufthansa,,,
790,Timothy,Muldoon,,Lufthansa,,,
791,David,Myles,,Lufthansa,,,
792,Christopher,O'neil,,Lufthansa,,,
793,John,Potts,,Lufthansa,,,
794,Andrew,Taggart,,Lufthansa,,,
795,James,Wade,,Lufthansa,,,
796,Paul,Walls,,Lufthansa,,,
797,Steven,Warnock,,Lufthansa,,,
798,Craig,Beck,,Lufthansa,,,
799,Scott,Brannan,,Lufthansa,,,
800,Mark,Clarkson,,Lufthansa,,,
801,Michael,Corrigan,,Lufthansa,,,
802,Robert,Donnachie,,Lufthansa,,,
803,Kevin,Francis,,Lufthansa,,,
804,Stuart,Harkness,,Lufthansa,,,
805,William,Kilpatrick,,Lufthansa,,,
806,Alan,Lucas,,Lufthansa,,,
807,Stephen,Mccubbin,,Lufthansa,,,
808,Gary,Mcgee,,Lufthansa,,,
809,Ross,Osborne,,Lufthansa,,,
810,Martin,Peters,,Lufthansa,,,
811,Colin,Porteous,,Lufthansa,,,
812,Richard,Power,,Lufthansa,,,
813,Thomas,Proctor,,Lufthansa,,,
814,Brian,Queen,,Lufthansa,,,
815,Barry,Thain,,Lufthansa,,,
816,Neil,Wight,,Lufthansa,,,
817,Graeme,Blake,,Lufthansa,,,
818,Gordon,Brogan,,Lufthansa,,,
819,Ian,Byers,,Lufthansa,,,
820,Iain,Crowe,,Lufthansa,,,
821,Peter,Crozier,,Lufthansa,,,
822,Darren,Dingwall,,Lufthansa,,,
823,Alexander,Fenton,,Lufthansa,,,
824,Jamie,Flanagan,,Lufthansa,,,
825,Ryan,Hastings,,Lufthansa,,,
826,Graham,Leith,,Lufthansa,,,
827,Jonathan,Massie,,Lufthansa,,,
828,Derek,Mcmurray,,Lufthansa,,,
829,Kenneth,Mowat,,Lufthansa,,,
830,Daniel,Nugent,,Lufthansa,,,
831,Allan,Raeburn,,Lufthansa,,,
832,Matthew,Sharpe,,Lufthansa,,,
833,Gavin,Swift,,Lufthansa,,,
834,Lee,Wong,,Lufthansa,,,
835,Stewart,Bonner,,Lufthansa,,,
836,Douglas,Burt,,Lufthansa,,,
837,George,Cosgrove,,Lufthansa,,,
838,Sean,Darling,,Lufthansa,,,
839,Nicholas,Dempsey,,Lufthansa,,,
840,Simon,Dickinson,,Lufthansa,,,
841,Fraser,Doran,,Lufthansa,,,
842,Keith,Eadie,,Lufthansa,,,
843,Anthony,Fairbairn,,Lufthansa,,,
844,Joseph,Farquharson,,Lufthansa,,,
845,Adam,Gall,,Lufthansa,,,
846,Gareth,Hodgson,,Lufthansa,,,
847,Grant,Howard,,Lufthansa,,,
848,Bryan,Hutcheson,,Lufthansa,,,
849,Duncan,Maitland,,Lufthansa,,,
850,Philip,Mcginty,,Lufthansa,,,
851,Euan,Mcluckie,,Lufthansa,,,
852,Alistair,Mcnamara,,Lufthansa,,,
853,Garry,Michie,,Lufthansa,,,
854,Ewan,Savage,,Lufthansa,,,
855,Charles,Thorburn,,Lufthansa,,,
856,Edward,Whiteford,,Lufthansa,,,
857,Jason,Will,,Lufthansa,,,
858,Marc,Cargill,,Lufthansa,,,
859,Shaun,Conner,,Lufthansa,,,
860,Donald,Darroch,,Lufthansa,,,
861,Russell,Delaney,,Lufthansa,,,
862,Alastair,Duguid,,Lufthansa,,,
863,Patrick,Ewart,,Lufthansa,,,
864,Calum,Flannigan,,Lufthansa,,,
865,Liam,Gibbons,,Lufthansa,,,
866,Alasdair,Hawkins,,Lufthansa,,,
867,Greg,Knowles,,Lufthansa,,,
868,Callum,Logie,,Lufthansa,,,
869,Raymond,Macphail,,Lufthansa,,,
870,Benjamin,Mahmood,,Lufthansa,,,
871,Gerard,Mcconnachie,,Lufthansa,,,
872,Malcolm,Mccourt,,Lufthansa,,,
873,Cameron,Mcdowell,,Lufthansa,,,
874,Aaron,Mcewen,,Lufthansa,,,
875,Ronald,Mctaggart,,Lufthansa,,,
876,Bruce,Nairn,,Lufthansa,,,
877,Greig,Naismith,,Lufthansa,,,
878,Lewis,O'sullivan,,Lufthansa,,,
879,Francis,Pritchard,,Lufthansa,,,
880,Dean,Smillie,,Lufthansa,,,
881,Gregor,Stephenson,,Lufthansa,,,
882,Niall,Strang,,Lufthansa,,,
883,Jordan,Tweedie,,Lufthansa,,,
884,Kris,Ball,,Lufthansa,,,
885,Martyn,Bennie,,Lufthansa,,,
886,Robin,Best,,Lufthansa,,,
887,Samuel,Birrell,,Lufthansa,,,
888,Blair,Bradshaw,,Lufthansa,,,
889,Hugh,Carey,,Lufthansa,,,
890,Mohammed,Cree,,Lufthansa,,,
891,Murray,Feeney,,Lufthansa,,,
892,Wayne,Ferrie,,Lufthansa,,,
893,David,Hainey,,Lufthansa,,,
894,Christopher,Hynd,,Lufthansa,,,
895,Andrew,Jarvis,,Lufthansa,,,
896,John,Livingston,,Lufthansa,,,
897,James,Lloyd,,Lufthansa,,,
898,Craig,Mcglynn,,Lufthansa,,,
899,Steven,Mcnaught,,Lufthansa,,,
900,Paul,Mcnicol,,Lufthansa,,,
901,Michael,Mortimer,,Lufthansa,,,
902,Scott,Nguyen,,Lufthansa,,,
903,Robert,Westwood,,Lufthansa,,,
904,Mark,Winton,,Lufthansa,,,
905,William,Bates,,Norwegian,,,
906,Kevin,Cooke,,Norwegian,,,
907,Stuart,Copeland,,Norwegian,,,
908,Stephen,Dobson,,Norwegian,,,
909,Alan,Dryburgh,,Norwegian,,,
910,Gary,Dykes,,Norwegian,,,
911,Ross,Fullerton,,Norwegian,,,
912,Colin,Gough,,Norwegian,,,
913,Richard,Hanlon,,Norwegian,,,
914,Martin,Hislop,,Norwegian,,,
915,Thomas,Holt,,Norwegian,,,
916,Neil,Kearney,,Norwegian,,,
917,Ryan,Leckie,,Norwegian,,,
918,Graeme,Leiper,,Norwegian,,,
919,Brian,Macarthur,,Norwegian,,,
920,Peter,Mack,,Norwegian,,,
921,Gordon,Mathers,,Norwegian,,,
922,Darren,Mcginn,,Norwegian,,,
923,Ian,Mckinney,,Norwegian,,,
924,Jamie,Mearns,,Norwegian,,,
925,Alexander,Melrose,,Norwegian,,,
926,Iain,More,,Norwegian,,,
927,Graham,Morrice,,Norwegian,,,
928,Barry,Mullan,,Norwegian,,,
929,Allan,Paxton,,Norwegian,,,
930,Jonathan,Purves,,Norwegian,,,
931,Daniel,Sommerville,,Norwegian,,,
932,Gavin,Tonner,,Norwegian,,,
933,Derek,Wales,,Norwegian,,,
934,Kenneth,Wang,,Norwegian,,,
935,Sean,Whitehead,,Norwegian,,,
936,Matthew,Addison,,Norwegian,,,
937,Lee,Aird,,Norwegian,,,
938,George,Bernard,,Norwegian,,,
939,Nicholas,Bradford,,Norwegian,,,
940,Anthony,Briggs,,Norwegian,,,
941,Stewart,Cartwright,,Norwegian,,,
942,Fraser,Conroy,,Norwegian,,,
943,Douglas,Copland,,Norwegian,,,
944,Keith,Dalgleish,,Norwegian,,,
945,Joseph,Diamond,,Norwegian,,,
946,Grant,Dougall,,Norwegian,,,
947,Marc,Gerrard,,Norwegian,,,
948,Adam,Gracie,,Norwegian,,,
949,Simon,Hammond,,Norwegian,,,
950,Alistair,Ho,,Norwegian,,,
951,Garry,Holden,,Norwegian,,,
952,Alastair,Horsburgh,,Norwegian,,,
953,Bryan,Li,,Norwegian,,,
954,Liam,Macintosh,,Norwegian,,,
955,Jason,Magee,,Norwegian,,,
956,Duncan,Malik,,Norwegian,,,
957,Euan,Matthew,,Norwegian,,,
958,Charles,Mccue,,Norwegian,,,
959,Greg,Mcdaid,,Norwegian,,,
960,Edward,Mckillop,,Norwegian,,,
961,Philip,Morrow,,Norwegian,,,
962,Russell,Pattison,,Norwegian,,,
963,Shaun,Rankine,,Norwegian,,,
964,Gareth,Renton,,Norwegian,,,
965,Ewan,Ronald,,Norwegian,,,
966,Calum,Samson,,Norwegian,,,
967,Callum,Sharma,,Norwegian,,,
968,Donald,Soutar,,Norwegian,,,
969,Cameron,Spiers,,Norwegian,,,
970,Raymond,Sturrock,,Norwegian,,,
971,Patrick,Abbott,,Norwegian,,,
972,Alasdair,Archer,,Norwegian,,,
973,Dean,Benson,,Norwegian,,,
974,Greig,Birnie,,Norwegian,,,
975,Lewis,Breen,,Norwegian,,,
976,Benjamin,Bryden,,Norwegian,,,
977,Malcolm,Crosbie,,Norwegian,,,
978,Niall,Dobbie,,Norwegian,,,
979,Gerard,Duffin,,Norwegian,,,
980,Martyn,Gibbs,,Norwegian,,,
981,Jordan,Girvan,,Norwegian,,,
982,Aaron,Grierson,,Norwegian,,,
983,Francis,Guy,,Norwegian,,,
984,Hugh,Kinnaird,,Norwegian,,,
985,Gregor,Lane,,Norwegian,,,
986,Mohammed,May,,Norwegian,,,
987,Robin,Mcgrory,,Norwegian,,,
988,Samuel,Mercer,,Norwegian,,,
989,Angus,Monteith,,Norwegian,,,
990,Bruce,Spalding,,Norwegian,,,
991,Kris,Stokes,,Norwegian,,,
992,Ronald,Stott,,Norwegian,,,
993,David,Veitch,,SAS,,,
994,Christopher,Woodward,,PanAm,,,
995,Andrew,Aslam,,PanAm,,,
996,John,Bentley,,NAS,,,
997,James,Bulloch,,NAS,,,
998,Craig,Cavanagh,,Norwegian,,,
999,Steven,Courtney,,NAI,,,
1000,Paul,Dalgarno,,Lufthansa,,,
1001,Michael,Donoghue,,Emirates,,,
1002,Mark,Fitzsimmons,,SWISS,,,
1003,Scott,Fordyce,,SWISS,,,
1004,Robert,Friel,,SWISS,,,
1005,Stuart,Gault,,SWISS,,,
1006,Kevin,Haldane,,SWISS,,,
1007,William,Honeyman,,SWISS,,,
1008,Stephen,Hutcheon,,SWISS,,,
1009,Gary,Kean,,SWISS,,,
1010,Alan,Long,,SWISS,,,
1011,Ross,Louden,,SWISS,,,
1012,Richard,Lowrie,,SWISS,,,
1013,Thomas,Maclachlan,,SWISS,,,
1014,Neil,Macneil,,SWISS,,,
1015,Colin,Mcgillivray,,LFT,,,
1016,Martin,Mcgurk,,LFT,,,
1017,Ryan,Mchardy,,LFT,,,
1018,Graeme,Mcilroy,,LFT,,,
1019,Peter,Mcniven,,SWISS,,,
1020,Jamie,Pearce,,SWISS,,,
1021,Iain,Philp,,SWISS,,,
1022,Darren,Rogerson,,SWISS,,,
1023,Gordon,Stafford,,SWISS,,,
1024,Ian,Stoddart,,SWISS,,,
1025,Graham,Sutton,,SWISS,,,
1026,Brian,Tennant,,SWISS,,,
1027,Daniel,Trotter,,SWISS,,,
1028,Alexander,Weston,,SWISS,,,
1029,Sean,Wotherspoon,,SWISS,,,
1030,Matthew,Akhtar,,SWISS,,,
1031,Barry,Barber,,SWISS,,,
1032,Allan,Bishop,,SWISS,,,
1033,Kenneth,Clayton,,SWISS,,,
1034,Lee,Curtis,,SWISS,,,
1035,Derek,Dalton,,SWISS,,,
1036,Jonathan,Emslie,,SWISS,,,
1037,Gavin,Ferry,,SWISS,,,
1038,Joseph,Garrett,,SWISS,,,
1039,Adam,Gillon,,SWISS,,,
1040,Stewart,Greenwood,,SWISS,,,
1041,Fraser,Ironside,,SWISS,,,
1042,George,Jennings,,SWISS,,,
1043,Grant,Kilgour,,SWISS,,,
1044,Nicholas,Kirkland,,SWISS,,,
1045,Anthony,Lavery,,SWISS,,,
1046,Douglas,Littlejohn,,SWISS,,,
1047,Simon,Lothian,,SWISS,,,
1048,Marc,Loudon,,SWISS,,,
1049,Alistair,Macgillivray,,SWISS,,,
1050,Liam,Marsh,,SWISS,,,
1051,Keith,Mcavoy,,SWISS,,,
1052,Philip,Mcgoldrick,,SWISS,,,
1053,Shaun,Mcpake,,SWISS,,,
1054,Garry,Mcquillan,,SWISS,,,
1055,Edward,Milton,,SWISS,,,
1056,Greg,Ness,,SWISS,,,
1057,Euan,Parkinson,,SWISS,,,
1058,Alastair,Parsons,,SWISS,,,
1059,Alasdair,Poole,,SWISS,,,
1060,Callum,Reed,,SWISS,,,
1061,Patrick,Sheridan,,SWISS,,,
1062,Calum,Toner,,SWISS,,,
1063,Duncan,Wardlaw,,SWISS,,,
1064,Jason,Watts,,SWISS,,,
1065,Bryan,Adair,,SWISS,,,
1066,Raymond,Arshad,,SWISS,,,
1067,Charles,Bertram,,SWISS,,,
1068,Donald,Bissett,,SWISS,,,
1069,Ewan,Cleland,,SWISS,,,
1070,Russell,Couper,,SWISS,,,
1071,Lewis,Dalrymple,,SWISS,,,
1072,Cameron,Davison,,SWISS,,,
1073,Dean,Denholm,,SWISS,,,
1074,Benjamin,Frost,,SWISS,,,
1075,Gareth,Gaffney,,SWISS,,,
1076,Malcolm,Glasgow,,SWISS,,,
1077,Samuel,Hagan,,SWISS,,,
1078,Niall,Harding,,SWISS,,,
1079,Gerard,Hardy,,SWISS,,,
1080,Aaron,Harkin,,SWISS,,,
1081,Greig,Hogarth,,SWISS,,,
1082,Ben,Lambie,,SWISS,,,
1083,Martyn,Mallon,,SWISS,,,
1084,Bruce,Mccready,,SWISS,,,
1085,Jordan,Mcnee,,SWISS,,,
1086,Kieran,Moss,,SWISS,,,
1087,Francis,Nichol,,SWISS,,,
1088,Wayne,O'reilly,,SWISS,,,
1089,Kris,Rees,,SWISS,,,
1090,Mohammed,Rendall,,SWISS,,,
1091,Murray,Renwick,,SWISS,,,
1092,Rory,Roxburgh,,SWISS,,,
1093,David,Sangster,,PanAm,,,
1094,Christopher,Souter,,NAS,,,
1095,Andrew,Stalker,,NAS,,,
1096,John,Stenhouse,,Norwegian,,,
1097,James,Tracey,,NAI,,,
1098,Steven,Watkins,,Lufthansa,,,
1099,Craig,Arnold,,Emirates,,,
1100,Paul,Broadley,,SWISS,,,
1101,Michael,Burrows,,SWISS,,,
1102,Mark,Cleary,,SWISS,,,
1103,Scott,Coghill,,SWISS,,,
1104,Robert,Conn,,SWISS,,,
1105,Stuart,Cowe,,SWISS,,,
1106,Stephen,Drennan,,SWISS,,,
1107,Gary,Dunne,,SWISS,,,
1108,William,Fitzgerald,,SWISS,,,
1109,Kevin,Fortune,,SWISS,,,
1110,Ross,Gavin,,SWISS,,,
1111,Ryan,Godfrey,,SWISS,,,
1112,Jamie,Gowans,,SWISS,,,
1113,Richard,Gregory,,LFT,,,
1114,Alan,Haggart,,LFT,,,
1115,Thomas,Haig,,LFT,,,
1116,Darren,Harvie,,LFT,,,
1117,Martin,He,,SWISS,,,
1118,Colin,Hurst,,SWISS,,,
1119,Graeme,Jolly,,SWISS,,,
1120,Daniel,Kinnear,,SWISS,,,
1121,Brian,Kirby,,SWISS,,,
1122,Alexander,Leighton,,SWISS,,,
1123,Gordon,Lochrie,,SWISS,,,
1124,Peter,Mcelroy,,SWISS,,,
1125,Iain,Mcginlay,,SWISS,,,
1126,Sean,Mcminn,,SWISS,,,
1127,Ian,Mcmullan,,SWISS,,,
1128,Matthew,Nicholls,,SWISS,,,
1129,Barry,Peebles,,SWISS,,,
1130,Jonathan,Rahman,,SWISS,,,
1131,Graham,Redpath,,SWISS,,,
1132,Lee,Rowe,,SWISS,,,
1133,Adam,Sandison,,SWISS,,,
1134,Neil,Stone,,SWISS,,,
1135,Kenneth,Storrie,,SWISS,,,
1136,Derek,Struthers,,SWISS,,,
1137,Allan,Talbot,,SWISS,,,
1138,Gavin,Tomlinson,,SWISS,,,
1139,Stewart,Vaughan,,SWISS,,,
1140,Grant,Anwar,,SWISS,,,
1141,Fraser,Barry,,SWISS,,,
1142,Nicholas,Bond,,SWISS,,,
1143,George,Browne,,SWISS,,,
1144,Joseph,Budge,,SWISS,,,
1145,Anthony,Cooney,,SWISS,,,
1146,Douglas,Costello,,SWISS,,,
1147,Shaun,Coyne,,SWISS,,,
1148,Liam,Cuthill,,SWISS,,,
1149,Jason,Dallas,,SWISS,,,
1150,Calum,Deacon,,SWISS,,,
1151,Marc,Drever,,SWISS,,,
1152,Callum,Fallon,,SWISS,,,
1153,Greg,Fergusson,,SWISS,,,
1154,Duncan,Foy,,SWISS,,,
1155,Alistair,Glennie,,SWISS,,,
1156,Philip,Hampson,,SWISS,,,
1157,Bryan,Heath,,SWISS,,,
1158,Keith,Herron,,SWISS,,,
1159,Keith,Hetherington,,SWISS,,,
1160,Lee,Kelman,,SWISS,,,
1161,Ryan,Lyle,,SWISS,,,
1162,Joseph,Mather,,SWISS,,,
1163,Matthew,Mccolgan,,SWISS,,,
1164,Grant,Mccrae,,SWISS,,,
1165,Anthony,Mccreath,,SWISS,,,
1166,Jason,Mcivor,,SWISS,,,
1167,Jonathan,Mcmullen,,SWISS,,,
1168,Duncan,Mcsherry,,SWISS,,,
1169,Fraser,Mcwhinnie,,SWISS,,,
1170,Donald,Miles,,SWISS,,,
1171,Garry,Molloy,,SWISS,,,
1172,Nicholas,Ogg,,SWISS,,,
1173,Alistair,Parry,,SWISS,,,
1174,Bryan,Peat,,SWISS,,,
1175,Charles,Peden,,SWISS,,,
1176,Raymond,Proudfoot,,SWISS,,,
1177,Philip,Rhodes,,SWISS,,,
1178,Marc,Scally,,SWISS,,,
1179,Euan,Schofield,,SWISS,,,
1180,Edward,Shah,,SWISS,,,
1181,Gareth,Shiels,,SWISS,,,
1182,Sean,Skelton,,SWISS,,,
1183,Adam,Stanton,,SWISS,,,
1184,Alasdair,Sykes,,SWISS,,,
1185,Alastair,Travers,,SWISS,,,
1186,Greig,Ure,,Lufthansa,,,
1187,Ronald,Walters,,Lufthansa,,,
1188,Malcolm,Warner,,Lufthansa,,,
1189,Patrick,Wightman,,Lufthansa,,,
1190,Ewan,Balmer,,Lufthansa,,,
1191,Russell,Barlow,,Lufthansa,,,
1192,Greg,Brownlee,,Lufthansa,,,
1193,Gregor,Bryant,,Lufthansa,,,
1194,Robin,Cain,,Lufthansa,,,
1195,Benjamin,Carswell,,Lufthansa,,,
1196,Bruce,Cherry,,Lufthansa,,,
1197,Gerard,Colvin,,Lufthansa,,,
1198,Francis,Duke,,Lufthansa,,,
1199,Hugh,Egan,,Lufthansa,,,
1200,Calum,Esson,,Lufthansa,,,
1201,Cameron,Fairgrieve,,Lufthansa,,,
1202,Shaun,Faulkner,,Lufthansa,,,
1203,Wayne,Hartley,,Lufthansa,,,
1204,Samuel,Hoggan,,Lufthansa,,,
1205,Murray,Keddie,,Lufthansa,,,
1206,Roderick,Keegan,,Lufthansa,,,
1207,Barrie,Kelso,,Lufthansa,,,
1208,Callum,Maccallum,,Lufthansa,,,
1209,Angus,Macqueen,,Lufthansa,,,
1210,Liam,Mcalister,,Lufthansa,,,
1211,Rory,Mcardle,,Lufthansa,,,
1212,Niall,Mccarron,,Lufthansa,,,
1213,Timothy,Mcclelland,,Lufthansa,,,
1214,Antony,Mckendrick,,Lufthansa,,,
1215,David,Mckinley,,Lufthansa,,,
1216,John,Mcmenamin,,Lufthansa,,,
1217,Andrew,Mcphillips,,Lufthansa,,,
1218,Paul,Norman,,Lufthansa,,,
1219,James,O'shea,,Lufthansa,,,
1220,Christopher,Pope,,Lufthansa,,,
1221,Steven,Pryde,,Lufthansa,,,
1222,Scott,Purvis,,Lufthansa,,,
1223,Mark,Reeves,,Lufthansa,,,
1224,Robert,Rehman,,Lufthansa,,,
1225,Craig,Scobie,,Lufthansa,,,
1226,Kevin,Sharif,,Lufthansa,,,
1227,Michael,Strain,,Lufthansa,,,
1228,Stuart,Telford,,Lufthansa,,,
1229,Stephen,Thorpe,,Lufthansa,,,
1230,Alan,Tucker,,Lufthansa,,,
1231,Colin,Vance,,Lufthansa,,,
1232,William,Whelan,,Lufthansa,,,
1233,Brian,Wilkins,,Lufthansa,,,
1234,Barry,Willis,,Lufthansa,,,
1235,Ross,Winter,,Lufthansa,,,
1236,Gary,Batchelor,,Lufthansa,,,
1237,Martin,Beaumont,,Lufthansa,,,
1238,Thomas,Carnegie,,Lufthansa,,,
1239,Richard,Clifford,,Lufthansa,,,
1240,Graeme,Colville,,Lufthansa,,,
1241,Neil,Convery,,Lufthansa,,,
1242,Peter,Craigie,,Lufthansa,,,
1243,Iain,Cranston,,Lufthansa,,,
1244,Gordon,Cruickshanks,,Lufthansa,,,
1245,Derek,Donohoe,,Lufthansa,,,
1246,Ian,Doolan,,Lufthansa,,,
1247,Alexander,Elrick,,Lufthansa,,,
1248,Kenneth,English,,Lufthansa,,,
1249,Graham,Fairlie,,Lufthansa,,,
1250,Allan,Fenwick,,Lufthansa,,,
1251,Darren,Forster,,Lufthansa,,,
1252,Gavin,Fullarton,,Lufthansa,,,
1253,Jamie,Garvie,,Lufthansa,,,
1254,Douglas,Glancy,,Lufthansa,,,
1255,Ryan,Glendinning,,Lufthansa,,,
1256,Simon,Goodfellow,,Lufthansa,,,
1257,George,Greenhill,,Lufthansa,,,
1258,Matthew,Haggerty,,Lufthansa,,,
1259,Lee,Harrower,,Lufthansa,,,
1260,Stewart,Hickey,,Lufthansa,,,
1261,Keith,Hoey,,Lufthansa,,,
1262,Daniel,Hooper,,Lufthansa,,,
1263,Anthony,Irwin,,Lufthansa,,,
1264,Grant,Kavanagh,,Lufthansa,,,
1265,Gareth,Lacey,,Lufthansa,,,
1266,Jonathan,Logue,,Lufthansa,,,
1267,Joseph,Macfadyen,,Lufthansa,,,
1268,Alistair,Maclaren,,Lufthansa,,,
1269,Charles,Maclellan,,Lufthansa,,,
1270,Edward,Mathewson,,Lufthansa,,,
1271,Fraser,Mccrone,,Lufthansa,,,
1272,Duncan,Mccusker,,Lufthansa,,,
1273,Garry,Mcdonagh,,Lufthansa,,,
1274,Bryan,Mcfadzean,,Lufthansa,,,
1275,Ewan,Mcghie,,Lufthansa,,,
1276,Nicholas,Mcglashan,,Lufthansa,,,
1277,Donald,Mcglone,,Lufthansa,,,
1278,Philip,Mckean,,Lufthansa,,,
1279,Alastair,Mcnamee,,Lufthansa,,,
1280,Adam,Mcritchie,,Lufthansa,,,
1281,Jason,Mcrobbie,,Lufthansa,,,
1282,Euan,Moncrieff,,Lufthansa,,,
1283,Russell,Nash,,Lufthansa,,,
1284,Sean,Norton,,Lufthansa,,,
1285,Malcolm,O'malley,,Lufthansa,,,
1286,Patrick,Patel,,Lufthansa,,,
1287,Raymond,Perkins,,Lufthansa,,,
1288,Alasdair,Peterson,,Lufthansa,,,
1289,Liam,Ralph,,Lufthansa,,,
1290,Greig,Rollo,,Lufthansa,,,
1291,Gregor,Sanders,,Lufthansa,,,
1292,Ronald,Simmons,,Lufthansa,,,
1293,Greg,Skene,,Lufthansa,,,
1294,Shaun,Slaven,,Lufthansa,,,
1295,Wayne,Symington,,Lufthansa,,,
1296,Bruce,Tough,,Lufthansa,,,
1297,Marc,Warden,,Lufthansa,,,
1298,Robin,Waters,,Lufthansa,,,
1299,Cameron,Wheeler,,Lufthansa,,,
1300,Francis,Whitton,,Lufthansa,,,
1301,Angus,Anthony,,Lufthansa,,,
1302,Gerard,Ashraf,,Lufthansa,,,
1303,Kris,Baldwin,,Lufthansa,,,
1304,Calum,Beckett,,Lufthansa,,,
1305,Benjamin,Bonnar,,Lufthansa,,,
1306,Rory,Brock,,Lufthansa,,,
1307,Dean,Burrell,,Lufthansa,,,
1308,Timothy,Carberry,,Lufthansa,,,
1309,Samuel,Carrick,,Lufthansa,,,
1310,Niall,Cattanach,,Lufthansa,,,
1311,Hugh,Caulfield,,Lufthansa,,,
1312,Lewis,Cheyne,,Lufthansa,,,
1313,Murray,Coventry,,Lufthansa,,,
1314,Justin,Crighton,,Lufthansa,,,
1315,Roderick,Crooks,,Lufthansa,,,
1316,David,Dryden,,Lufthansa,,,
1317,John,Dunnett,,Lufthansa,,,
1318,Andrew,Edmond,,Lufthansa,,,
1319,James,Gale,,Lufthansa,,,
1320,Christopher,Gilroy,,Lufthansa,,,
1321,Paul,Gormley,,Lufthansa,,,
1322,Steven,Govan,,Lufthansa,,,
1323,Kevin,Grady,,Lufthansa,,,
1324,Robert,Hanley,,Lufthansa,,,
1325,Scott,Hollywood,,Lufthansa,,,
1326,Craig,Horn,,Lufthansa,,,
1327,Michael,Howell,,Lufthansa,,,
1328,Mark,Howitt,,Lufthansa,,,
1329,Stuart,Kumar,,Lufthansa,,,
1330,Stephen,Lamond,,Lufthansa,,,
1331,Alan,Leadbetter,,Lufthansa,,,
1332,William,Leishman,,Lufthansa,,,
1333,Gary,Maloney,,Lufthansa,,,
1334,Ross,Mccrindle,,Lufthansa,,,
1335,Colin,Mccrory,,Lufthansa,,,
1336,Brian,Mcdiarmid,,Lufthansa,,,
1337,Barry,Mcgarva,,Lufthansa,,,
1338,Richard,Mcnicoll,,Lufthansa,,,
1339,Martin,Mcsorley,,Lufthansa,,,
1340,Thomas,Mcveigh,,Lufthansa,,,
1341,Neil,Mcwhirter,,Lufthansa,,,
1342,Peter,Moodie,,Lufthansa,,,
1343,Iain,Moyes,,Lufthansa,,,
1344,Graeme,Mullin,,Lufthansa,,,
1345,Ian,Norrie,,Lufthansa,,,
1346,Gordon,Norris,,Lufthansa,,,
1347,Alexander,O'kane,,Lufthansa,,,
1348,Ryan,Pagan,,Lufthansa,,,
1349,Derek,Platt,,Lufthansa,,,
1350,Kenneth,Prior,,Lufthansa,,,
1351,Allan,Pugh,,Lufthansa,,,
1352,Jamie,Rashid,,Lufthansa,,,
1353,Graham,Redmond,,Lufthansa,,,
1354,Gavin,Roe,,Lufthansa,,,
1355,Darren,Sherry,,Lufthansa,,,
1356,Stewart,Sibbald,,Lufthansa,,,
1357,Gareth,Stanley,,Lufthansa,,,
1358,Jonathan,Steedman,,Lufthansa,,,
1359,Daniel,Stein,,Lufthansa,,,
1360,Douglas,Still,,Lufthansa,,,
1361,Grant,Townsend,,Lufthansa,,,
1362,Lee,Usman,,Lufthansa,,,
1363,George,Wardrop,,Lufthansa,,,
1364,Joseph,Yeats,,Lufthansa,,,
1365,Simon,Abercrombie,,Lufthansa,,,
1366,Matthew,Begley,,Lufthansa,,,
1367,Keith,Bingham,,Lufthansa,,,
1368,Anthony,Blaikie,,Lufthansa,,,
1369,Fraser,Carney,,Lufthansa,,,
1370,Garry,Cassells,,Lufthansa,,,
1371,Alistair,Cordiner,,Lufthansa,,,
1372,Bryan,Coupland,,Lufthansa,,,
1373,Philip,Craib,,Lufthansa,,,
1374,Adam,Craik,,Lufthansa,,,
1375,Sean,Dey,,Lufthansa,,,
1376,Duncan,Divers,,Lufthansa,,,
1377,Edward,Dundas,,Lufthansa,,,
1378,Charles,Ewan,,Lufthansa,,,
1379,Ewan,Fagan,,Lufthansa,,,
1380,Russell,Fairweather,,Lufthansa,,,
1381,Donald,Gaughan,,Lufthansa,,,
1382,Patrick,Greene,,Lufthansa,,,
1383,Alastair,Haggarty,,Lufthansa,,,
1384,Euan,Hargreaves,,Lufthansa,,,
1385,Jason,Harrington,,Lufthansa,,,
1386,Nicholas,Heggie,,Lufthansa,,,
1387,Marc,Hendrie,,Lufthansa,,,
1388,Raymond,Hogan,,Lufthansa,,,
1389,Malcolm,Howden,,Lufthansa,,,
1390,Greig,Ibrahim,,Lufthansa,,,
1391,Alasdair,Javed,,Lufthansa,,,
1392,Greg,Joss,,Lufthansa,,,
1393,Liam,Keen,,Lufthansa,,,
1394,Shaun,Kerrigan,,Lufthansa,,,
1395,Francis,Kinghorn,,Lufthansa,,,
1396,Ronald,Larkin,,Lufthansa,,,
1397,Benjamin,Learmonth,,Lufthansa,,,
1398,Cameron,Luke,,Lufthansa,,,
1399,Dean,Marsden,,Lufthansa,,,
1400,Niall,Masterton,,Norwegian,,,
1401,Gerard,Mccarroll,,Norwegian,,,
1402,Murray,Mcelhinney,,Norwegian,,,
1403,Robin,Mcgarvey,,Norwegian,,,
1404,Timothy,Mcleary,,Norwegian,,,
1405,Bruce,Mcmurdo,,Norwegian,,,
1406,Hugh,Moody,,Norwegian,,,
1407,Calum,Hanlon,,Norwegian,,,
1408,Kris,Hislop,,Norwegian,,,
1409,Wayne,Holt,,Norwegian,,,
1410,Roderick,Kearney,,Norwegian,,,
1411,Samuel,Leckie,,Norwegian,,,
1412,Martyn,Leiper,,Norwegian,,,
1413,Angus,Macarthur,,Norwegian,,,
1414,Gregor,Mack,,Norwegian,,,
1415,Jon,Mathers,,Norwegian,,,
1416,Rory,Mcginn,,Norwegian,,,
1417,David,Mckinney,,Norwegian,,,
1418,John,Mearns,,Norwegian,,,
1419,Andrew,Melrose,,Norwegian,,,
1420,Christopher,More,,Norwegian,,,
1421,James,Morrice,,Norwegian,,,
1422,Paul,Mullan,,Norwegian,,,
1423,Steven,Paxton,,Norwegian,,,
1424,Craig,Purves,,Norwegian,,,
1425,Michael,Sommerville,,Norwegian,,,
1426,Scott,Tonner,,Norwegian,,,
1427,Kevin,Wales,,Norwegian,,,
1428,Robert,Wang,,Norwegian,,,
1429,Mark,Whitehead,,Norwegian,,,
1430,Stuart,Addison,,Norwegian,,,
1431,Stephen,Aird,,Norwegian,,,
1432,Gary,Bernard,,Norwegian,,,
1433,Alan,Bradford,,Norwegian,,,
1434,William,Briggs,,Norwegian,,,
1435,Ross,Cartwright,,Norwegian,,,
1436,Colin,Conroy,,Norwegian,,,
1437,Martin,Copland,,Norwegian,,,
1438,Thomas,Dalgleish,,Norwegian,,,
1439,Barry,Diamond,,Norwegian,,,
1440,Brian,Dougall,,Norwegian,,,
1441,Neil,Gerrard,,Norwegian,,,
1442,Richard,Gracie,,Norwegian,,,
1443,Graeme,Hammond,,Norwegian,,,
1444,Peter,Ho,,Norwegian,,,
1445,Iain,Holden,,Norwegian,,,
1446,Gordon,Horsburgh,,Norwegian,,,
1447,Ian,Li,,Norwegian,,,
1448,Alexander,Macintosh,,Norwegian,,,
1449,Darren,Magee,,Norwegian,,,
1450,Derek,Malik,,Norwegian,,,
1451,Graham,Matthew,,Norwegian,,,
1452,Ryan,Mccue,,Norwegian,,,
1453,Jamie,Mcdaid,,Norwegian,,,
1454,Kenneth,Mckillop,,Norwegian,,,
1455,Allan,Morrow,,Norwegian,,,
1456,Gavin,Pattison,,Norwegian,,,
1457,Jonathan,Rankine,,Norwegian,,,
1458,Daniel,Renton,,Norwegian,,,
1459,George,Ronald,,Norwegian,,,
1460,Douglas,Samson,,Norwegian,,,
1461,Stewart,Sharma,,Norwegian,,,
1462,Matthew,Soutar,,Norwegian,,,
1463,Anthony,Spiers,,Norwegian,,,
1464,Keith,Sturrock,,Norwegian,,,
1465,Grant,Abbott,,Norwegian,,,
1466,Sean,Archer,,Norwegian,,,
1467,Simon,Benson,,Norwegian,,,
1468,Gareth,Birnie,,Norwegian,,,
1469,Garry,Breen,,Norwegian,,,
1470,Lee,Bryden,,Norwegian,,,
1471,Fraser,Crosbie,,Norwegian,,,
1472,Alistair,Dobbie,,Norwegian,,,
1473,Adam,Duffin,,Norwegian,,,
1474,Joseph,Gibbs,,Norwegian,,,
1475,Nicholas,Girvan,,Norwegian,,,
1476,Bryan,Grierson,,Norwegian,,,
1477,Charles,Guy,,Norwegian,,,
1478,Duncan,Kinnaird,,Norwegian,,,
1479,Philip,Lane,,Norwegian,,,
1480,Russell,May,,Norwegian,,,
1481,Donald,Mcgrory,,Norwegian,,,
1482,Edward,Mercer,,Norwegian,,,
1483,Marc,Monteith,,Norwegian,,,
1484,Alastair,Spalding,,Norwegian,,,
1485,Greg,Stokes,,Norwegian,,,
1486,Euan,Stott,,Norwegian,,,
1487,Raymond,Veitch,,Norwegian,,,
1488,Shaun,Woodward,,SAS,,,
1489,Ewan,Aslam,,PanAm,,,
1490,Stephen,Bentley,,,,,
1491,William,Bulloch,,,,,
1492,Craig,Cavanagh,,,,,
1493,Michael,Courtney,,,,,
1494,Stuart,Dalgarno,,,,,
1495,Christopher,Donoghue,,,,,
1496,Alan,Fitzsimmons,,,,,
1497,Colin,Fordyce,,,,,
1498,Brian,Friel,,,,,
1499,Kevin,Gault,,,,,
1500,Gary,Haldane,,,,,
1501,Richard,Honeyman,,,,,
1502,Derek,Hutcheon,,,,,
1503,Martin,Kean,,,,,
1504,Thomas,Long,,,,,
1505,Neil,Louden,,,,,
1506,Barry,Lowrie,,,,,
1507,Ian,Maclachlan,,,,,
1508,Jason,Macneil,,,,,
1509,Iain,Mcgillivray,,,,,
1510,Gordon,Mcgurk,,,,,
1511,Alexander,Mchardy,,,,,
1512,Graeme,Mcilroy,,,,,
1513,Peter,Mcniven,,,,,
1514,Darren,Pearce,,,,,
1515,Graham,Philp,,,,,
1516,George,Rogerson,,,,,
1517,Kenneth,Stafford,,,,,
1518,Allan,Stoddart,,,,,
1519,Simon,Sutton,,,,,
1520,Douglas,Tennant,,,,,
1521,Keith,Trotter,,,,,
1522,Lee,Weston,,,,,
1523,Anthony,Wotherspoon,,,,,
1524,Grant,Akhtar,,,,,
1525,Ross,Barber,,,,,
1526,Jonathan,Bishop,,,,,
1527,Gavin,Clayton,,,,,
1528,Nicholas,Curtis,,,,,
1529,Joseph,Dalton,,,,,
1530,Stewart,Emslie,,,,,
1531,Daniel,Ferry,,,,,
1532,Edward,Garrett,,,,,
1533,Matthew,Gillon,,,,,
1534,Donald,Greenwood,,,,,
1535,Fraser,Ironside,,,,,
1536,Garry,Jennings,,,,,
1537,Malcolm,Kilgour,,,,,
1538,Charles,Kirkland,,,,,
1539,Duncan,Lavery,,,,,
1540,Alistair,Littlejohn,,,,,
1541,Raymond,Lothian,,,,,
1542,Philip,Loudon,,,,,
1543,Ronald,Macgillivray,,,,,
1544,Ewan,Marsh,,,,,
1545,Ryan,Mcavoy,,,,,
1546,Francis,Mcgoldrick,,,,,
1547,Bruce,Mcpake,,,,,
1548,Patrick,Mcquillan,,,,,
1549,Alastair,Milton,,,,,
1550,Bryan,Ness,,,,,
1551,Marc,Parkinson,,,,,
1552,Jamie,Parsons,,,,,
1553,Hugh,Poole,,,,,
1554,Euan,Reed,,,,,
1555,Gerard,Sheridan,,,,,
1556,Sean,Toner,,,,,
1557,Wayne,Wardlaw,,,,,
1558,Adam,Watts,,,,,
1559,Calum,Adair,,,,,
1560,Alasdair,Arshad,,,,,
1561,Robin,Bertram,,,,,
1562,Greig,Bissett,,,,,
1563,Angus,Cleland,,,,,
1564,Russell,Couper,,,,,
1565,Cameron,Dalrymple,,,,,
1566,Roderick,Davison,,,,,
1567,Norman,Denholm,,,,,
1568,Murray,Frost,,,,,
1569,Gareth,Gaffney,,,,,
1570,Dean,Glasgow,,,,,
1571,Eric,Hagan,,,,,
1572,Adrian,Harding,,,,,
1573,Gregor,Hardy,,,,,
1574,Samuel,Harkin,,,,,
1575,Gerald,Hogarth,,,,,
1576,Henry,Lambie,,,,,
1577,Justin,Mallon,,,,,
1578,Benjamin,Mccready,,,,,
1579,Shaun,Mcnee,,,,,
1580,Callum,Moss,,,,,
1581,Campbell,Nichol,,,,,
1582,Frank,O'reilly,,,,,
1583,Roy,Rees,,,,,
1584,Timothy,Rendall,,,,,
1585,David,Renwick,,,,,
1586,John,Roxburgh,,,,,
1587,Paul,Sangster,,,,,
1588,James,Souter,,,,,
1589,Mark,Stalker,,,,,
1590,Scott,Stenhouse,,,,,
1591,Andrew,Tracey,,,,,
1592,Steven,Watkins,,,,,
1593,Robert,Arnold,,,,,
1594,Stephen,Broadley,,,,,
1595,Craig,Burrows,,,,,
1596,Christopher,Cleary,,,,,
1597,Alan,Coghill,,,,,
1598,Michael,Conn,,,,,
1599,Stuart,Cowe,,,,,
1600,William,Drennan,,,,,
1601,Kevin,Dunne,,,,,
1602,Colin,Fitzgerald,,,,,
1603,Brian,Fortune,,,,,
1604,Derek,Gavin,,,,,
1605,Neil,Godfrey,,,,,
1606,Richard,Gowans,,,,,
1607,Gary,Gregory,,,,,
1608,Barry,Haggart,,,,,
1609,Martin,Haig,,,,,
1610,Thomas,Harvie,,,,,
1611,Ian,He,,,,,
1612,Gordon,Hurst,,,,,
1613,Kenneth,Jolly,,,,,
1614,Alexander,Kinnear,,,,,
1615,Graeme,Kirby,,,,,
1616,Peter,Leighton,,,,,
1617,Iain,Lochrie,,,,,
1618,Graham,Mcelroy,,,,,
1619,Jason,Mcginlay,,,,,
1620,George,Mcminn,,,,,
1621,Allan,Mcmullan,,,,,
1622,Keith,Nicholls,,,,,
1623,Darren,Peebles,,,,,
1624,Simon,Rahman,,,,,
1625,Douglas,Redpath,,,,,
1626,Ross,Rowe,,,,,
1627,Stewart,Sandison,,,,,
1628,Lee,Stone,,,,,
1629,Grant,Storrie,,,,,
1630,Nicholas,Struthers,,,,,
1631,Joseph,Talbot,,,,,
1632,Gavin,Tomlinson,,,,,
1633,Anthony,Vaughan,,,,,
1634,Jonathan,Anwar,,,,,
1635,Daniel,Barry,,,,,
1636,Fraser,Bond,,,,,
1637,Matthew,Browne,,,,,
1638,Donald,Budge,,,,,
1639,Malcolm,Cooney,,,,,
1640,Alistair,Costello,,,,,
1641,Edward,Coyne,,,,,
1642,Raymond,Cuthill,,,,,
1643,Charles,Dallas,,,,,
1644,Philip,Deacon,,,,,
1645,Bruce,Drever,,,,,
1646,Garry,Fallon,,,,,
1647,Jamie,Fergusson,,,,,
1648,Ryan,Foy,,,,,
1649,Bryan,Glennie,,,,,
1650,Francis,Hampson,,,,,
1651,Alastair,Heath,,,,,
1652,Duncan,Herron,,,,,
1653,Patrick,Hetherington,,,,,
1654,Ronald,Kelman,,,,,
1655,Alasdair,Lyle,,,,,
1656,Ewan,Mather,,,,,
1657,Marc,Mccolgan,,,,,
1658,Wayne,Mccrae,,,,,
1659,Hugh,Mccreath,,,,,
1660,Robin,Mcivor,,,,,
1661,Sean,Mcmullen,,,,,
1662,Calum,Mcsherry,,,,,
1663,Euan,Mcwhinnie,,,,,
1664,Adam,Miles,,,,,
1665,Russell,Molloy,,,,,
1666,Cameron,Ogg,,,,,
1667,Gerard,Parry,,,,,
1668,Murray,Peat,,,,,
1669,Norman,Peden,,,,,
1670,Angus,Proudfoot,,,,,
1671,Greig,Rhodes,,,,,
1672,Justin,Scally,,,,,
1673,Gregor,Schofield,,,,,
1674,Gerald,Shah,,,,,
1675,Roderick,Shiels,,,,,
1676,Roy,Skelton,,,,,
1677,Benjamin,Stanton,,,,,
1678,Timothy,Sykes,,,,,
1679,Dean,Travers,,,,,
1680,Samuel,Ure,,,,,
1681,Greg,Walters,,,,,
1682,Shaun,Warner,,,,,
1683,Adrian,Wightman,,,,,
1684,Campbell,Balmer,,,,,
1685,David,Barlow,,,,,
1686,John,Brownlee,,,,,
1687,Paul,Bryant,,,,,
1688,James,Cain,,,,,
1689,Andrew,Carswell,,,,,
1690,Steven,Cherry,,,,,
1691,Scott,Colvin,,,,,
1692,Mark,Duke,,,,,
1693,Robert,Egan,,,,,
1694,Stephen,Esson,,,,,
1695,Craig,Fairgrieve,,,,,
1696,Christopher,Faulkner,,,,,
1697,Stuart,Hartley,,,,,
1698,Alan,Hoggan,,,,,
1699,William,Keddie,,,,,
1700,Michael,Keegan,,,,,
1701,Kevin,Kelso,,,,,
1702,Colin,Maccallum,,,,,
1703,Brian,Macqueen,,,,,
1704,Derek,Mcalister,,,,,
1705,Neil,Mcardle,,,,,
1706,Richard,Mccarron,,,,,
1707,Martin,Mcclelland,,,,,
1708,Gary,Mckendrick,,,,,
1709,Ross,Mckinley,,,,,
1710,Thomas,Mcmenamin,,,,,
1711,Ian,Mcphillips,,,,,
1712,Iain,Norman,,,,,
1713,Barry,O'shea,,,,,
1714,Gordon,Pope,,,,,
1715,Graeme,Pryde,,,,,
1716,Graham,Purvis,,,,,
1717,Alexander,Reeves,,,,,
1718,Peter,Rehman,,,,,
1719,Kenneth,Scobie,,,,,
1720,Simon,Sharif,,,,,
1721,Allan,Strain,,,,,
1722,Darren,Telford,,,,,
1723,George,Thorpe,,,,,
1724,Douglas,Tucker,,,,,
1725,Jason,Vance,,,,,
1726,Lee,Whelan,,,,,
1727,Gavin,Wilkins,,,,,
1728,Anthony,Willis,,,,,
1729,Jonathan,Winter,,,,,
1730,Stewart,Batchelor,,,,,
1731,Jamie,Beaumont,,,,,
1732,Keith,Carnegie,,,,,
1733,Matthew,Clifford,,,,,
1734,Joseph,Colville,,,,,
1735,Daniel,Convery,,,,,
1736,Edward,Craigie,,,,,
1737,Nicholas,Cranston,,,,,
1738,Grant,Cruickshanks,,,,,
1739,Ryan,Donohoe,,,,,
1740,Philip,Doolan,,,,,
1741,Alistair,Elrick,,,,,
1742,Donald,English,,,,,
1743,Charles,Fairlie,,,,,
1744,Duncan,Fenwick,,,,,
1745,Garry,Forster,,,,,
1746,Malcolm,Fullarton,,,,,
1747,Raymond,Garvie,,,,,
1748,Bryan,Glancy,,,,,
1749,Ewan,Glendinning,,,,,
1750,Fraser,Goodfellow,,,,,
1751,Alastair,Greenhill,,,,,
1752,Euan,Haggerty,,,,,
1753,Patrick,Harrower,,,,,
1754,Bruce,Hickey,,,,,
1755,Ronald,Hoey,,,,,
1756,Greig,Hooper,,,,,
1757,Hugh,Irwin,,,,,
1758,Francis,Kavanagh,,,,,
1759,Gerard,Lacey,,,,,
1760,Russell,Logue,,,,,
1761,Alasdair,Macfadyen,,,,,
1762,Adam,Maclaren,,,,,
1763,Marc,Maclellan,,,,,
1764,Sean,Mathewson,,,,,
1765,Benjamin,Mccrone,,,,,
1766,Gregor,Mccusker,,,,,
1767,Calum,Mcdonagh,,,,,
1768,Wayne,Mcfadzean,,,,,
1769,Robin,Mcghie,,,,,
1770,Roderick,Mcglashan,,,,,
1771,Murray,Mcglone,,,,,
1772,Greg,Mckean,,,,,
1773,Angus,Mcnamee,,,,,
1774,Cameron,Mcritchie,,,,,
1775,Gerald,Mcrobbie,,,,,
1776,Shaun,Moncrieff,,,,,
1777,Samuel,Nash,,,,,
1778,Timothy,Norton,,,,,
1779,Liam,O'malley,,,,,
1780,Campbell,Patel,,,,,
1781,Gareth,Perkins,,,,,
1782,Niall,Peterson,,,,,
1783,Dean,Ralph,,,,,
1784,Justin,Rollo,,,,,
1785,David,Sanders,,,,,
1786,John,Simmons,,,,,
1787,Paul,Skene,,,,,
1788,James,Slaven,,,,,
1789,Andrew,Symington,,,,,
1790,Steven,Tough,,,,,
1791,Scott,Warden,,,,,
1792,Mark,Waters,,,,,
1793,Robert,Wheeler,,,,,
1794,Christopher,Whitton,,,,,
1795,Craig,Anthony,,,,,
1796,Stuart,Ashraf,,,,,
1797,Kevin,Baldwin,,,,,
1798,Alan,Beckett,,,,,
1799,Michael,Hanlon,,,,,
1800,Stephen,Hislop,,,,,
1801,William,Holt,,,,,
1802,Colin,Kearney,,,,,
1803,Brian,Leckie,,,,,
1804,Neil,Leiper,,,,,
1805,Richard,Macarthur,,,,,
1806,Ross,Mack,,,,,
1807,Thomas,Mathers,,,,,
1808,Gary,Mcginn,,,,,
1809,Derek,Mckinney,,,,,
1810,Iain,Mearns,,,,,
1811,Gordon,Melrose,,,,,
1812,Graeme,More,,,,,
1813,Martin,Morrice,,,,,
1814,Barry,Mullan,,,,,
1815,Gavin,Paxton,,,,,
1816,Ian,Purves,,,,,
1817,Kenneth,Sommerville,,,,,
1818,Alexander,Tonner,,,,,
1819,Peter,Wales,,,,,
1820,Graham,Wang,,,,,
1821,Allan,Whitehead,,,,,
1822,Darren,Addison,,,,,
1823,Jamie,Aird,,,,,
1824,Simon,Bernard,,,,,
1825,Lee,Bradford,,,,,
1826,George,Briggs,,,,,
1827,Keith,Cartwright,,,,,
1828,Stewart,Conroy,,,,,
1829,Douglas,Copland,,,,,
1830,Jonathan,Dalgleish,,,,,
1831,Matthew,Diamond,,,,,
1832,Daniel,Dougall,,,,,
1833,Grant,Gerrard,,,,,
1834,Joseph,Gracie,,,,,
1835,Jason,Hammond,,,,,
1836,Anthony,Ho,,,,,
1837,Ryan,Holden,,,,,
1838,Edward,Horsburgh,,,,,
1839,Fraser,Li,,,,,
1840,Donald,Macintosh,,,,,
1841,Charles,Magee,,,,,
1842,Garry,Malik,,,,,
1843,Duncan,Matthew,,,,,
1844,Nicholas,Mccue,,,,,
1845,Raymond,Mcdaid,,,,,
1846,Alistair,Mckillop,,,,,
1847,Bryan,Morrow,,,,,
1848,Philip,Pattison,,,,,
1849,Alastair,Rankine,,,,,
1850,Malcolm,Renton,,,,,
1851,Alasdair,Ronald,,,,,
1852,Russell,Samson,,,,,
1853,Patrick,Sharma,,,,,
1854,Euan,Soutar,,,,,
1855,Ewan,Spiers,,,,,
1856,Gareth,Sturrock,,,,,
1857,Bruce,Abbott,,,,,
1858,Adam,Archer,,,,,
1859,Gerard,Benson,,,,,
1860,Greig,Birnie,,,,,
1861,Marc,Breen,,,,,
1862,Sean,Bryden,,,,,
1863,Robin,Crosbie,,,,,
1864,Ronald,Dobbie,,,,,
1865,Benjamin,Duffin,,,,,
1866,Francis,Gibbs,,,,,
1867,Gregor,Girvan,,,,,
1868,Greg,Grierson,,,,,
1869,Hugh,Guy,,,,,
1870,Calum,Kinnaird,,,,,
1871,Shaun,Lane,,,,,
1872,Cameron,May,,,,,
1873,Roderick,Mcgrory,,,,,
1874,Angus,Mercer,,,,,
1875,Gerald,Monteith,,,,,
1876,Rory,Spalding,,,,,
1877,Samuel,Stokes,,,,,
1878,Wayne,Stott,,,,,
1879,Murray,Veitch,,,,,
1880,Norman,Woodward,,,,,
1881,Timothy,Aslam,,,,,
1882,Dean,Bentley,,,,,
1883,Martyn,Bulloch,,,,,
1884,Roy,Cavanagh,,,,,
1885,Wesley,Courtney,,,,,
1886,David,Dalgarno,,,,,
1887,John,Donoghue,,,,,
1888,Andrew,Fitzsimmons,,,,,
1889,Paul,Fordyce,,,,,
1890,James,Friel,,,,,
1891,Scott,Gault,,,,,
1892,Christopher,Haldane,,,,,
1893,Steven,Honeyman,,,,,
1894,Michael,Hutcheon,,,,,
1895,Mark,Kean,,,,,
1896,Robert,Long,,,,,
1897,Craig,Louden,,,,,
1898,Kevin,Lowrie,,,,,
1899,Stuart,Maclachlan,,,,,
1900,Alan,Macneil,,,,,
1901,Stephen,Mcgillivray,,,,,
1902,William,Mcgurk,,,,,
1903,Ross,Mchardy,,,,,
1904,Colin,Mcilroy,,,,,
1905,Brian,Mcniven,,,,,
1906,Richard,Pearce,,,,,
1907,Barry,Philp,,,,,
1908,Neil,Rogerson,,,,,
1909,Derek,Stafford,,,,,
1910,Gordon,Stoddart,,,,,
1911,Thomas,Sutton,,,,,
1912,Graeme,Tennant,,,,,
1913,Martin,Trotter,,,,,
1914,Peter,Weston,,,,,
1915,Keith,Wotherspoon,,,,,
1916,Lee,Akhtar,,,,,
1917,Ryan,Barber,,,,,
1918,Joseph,Bishop,,,,,
1919,Matthew,Clayton,,,,,
1920,Grant,Curtis,,,,,
1921,Anthony,Dalton,,,,,
1922,Jason,Emslie,,,,,
1923,Jonathan,Ferry,,,,,
1924,Duncan,Garrett,,,,,
1925,Fraser,Gillon,,,,,
1926,Donald,Greenwood,,,,,
1927,Garry,Ironside,,,,,
1928,Nicholas,Jennings,,,,,
1929,Alistair,Kilgour,,,,,
1930,Bryan,Kirkland,,,,,
1931,Charles,Lavery,,,,,
1932,Raymond,Littlejohn,,,,,
1933,Philip,Lothian,,,,,
1934,Marc,Loudon,,,,,
1935,Euan,Macgillivray,,,,,
1936,Edward,Marsh,,,,,
1937,Gareth,Mcavoy,,,,,
1938,Sean,Mcgoldrick,,,,,
1939,Adam,Mcpake,,,,,
1940,Alasdair,Mcquillan,,,,,
1941,Alastair,Milton,,,,,
1942,Greig,Ness,,,,,
1943,Ronald,Parkinson,,,,,
1944,Malcolm,Parsons,,,,,
1945,Patrick,Poole,,,,,
1946,Ewan,Reed,,,,,
1947,Russell,Sheridan,,,,,
1948,Greg,Toner,,,,,
1949,Gregor,Wardlaw,,,,,
1950,Robin,Watts,,,,,
1951,Benjamin,Adair,,,,,
1952,Bruce,Arshad,,,,,
1953,Gerard,Bertram,,,,,
1954,Francis,Bissett,,,,,
1955,Hugh,Cleland,,,,,
1956,Calum,Couper,,,,,
1957,Cameron,Dalrymple,,,,,
1958,Shaun,Davison,,,,,
1959,Wayne,Denholm,,,,,
1960,Samuel,Frost,,,,,
1961,Murray,Gaffney,,,,,
1962,Roderick,Glasgow,,,,,
1963,Barrie,Hagan,,,,,
1964,Callum,Harding,,,,,
1965,Angus,Hardy,,,,,
1966,Liam,Harkin,,,,,
1967,Rory,Hogarth,,,,,
1968,Niall,Lambie,,,,,
1969,Timothy,Mallon,,,,,
1970,Antony,Mccready,,,,,
1971,David,Mcnee,,,,,
1972,John,Moss,,,,,
1973,Andrew,Nichol,,,,,
1974,Paul,O'reilly,,,,,
1975,James,Rees,,,,,
1976,Christopher,Rendall,,,,,
1977,Steven,Renwick,,,,,
1978,Scott,Roxburgh,,,,,
1979,Mark,Sangster,,,,,
1980,Robert,Souter,,,,,
1981,Craig,Stalker,,,,,
1982,Kevin,Stenhouse,,,,,
1983,Michael,Tracey,,,,,
1984,Stuart,Watkins,,,,,
1985,Stephen,Arnold,,,,,
1986,Alan,Broadley,,,,,
1987,Colin,Burrows,,,,,
1988,William,Cleary,,,,,
1989,Brian,Coghill,,,,,
1990,Barry,Conn,,,,,
1991,Ross,Cowe,,,,,
1992,Gary,Drennan,,,,,
1993,Martin,Dunne,,,,,
1994,Thomas,Fitzgerald,,,,,
1995,Richard,Fortune,,,,,
1996,Graeme,Gavin,,,,,
1997,Neil,Godfrey,,,,,
1998,Peter,Gowans,,,,,
1999,Iain,Gregory,,,,,
2000,Gordon,Haggart,,,,,
2001,Derek,Haig,,,,,
2002,Ian,Harvie,,,,,
2003,Alexander,He,,,,,
2004,Kenneth,Hurst,,,,,
2005,Graham,Jolly,,,,,
2006,Allan,Kinnear,,,,,
2007,Darren,Kirby,,,,,
2008,Gavin,Leighton,,,,,
2009,Jamie,Lochrie,,,,,
2010,Douglas,Mcelroy,,,,,
2011,Ryan,Mcginlay,,,,,
2012,Simon,Mcminn,,,,,
2013,George,Mcmullan,,,,,
2014,Matthew,Nicholls,,,,,
2015,Lee,Peebles,,,,,
2016,Stewart,Rahman,,,,,
2017,Keith,Redpath,,,,,
2018,Daniel,Rowe,,,,,
2019,Anthony,Sandison,,,,,
2020,Grant,Stone,,,,,
2021,Gareth,Storrie,,,,,
2022,Jonathan,Struthers,,,,,
2023,Joseph,Talbot,,,,,
2024,Alistair,Tomlinson,,,,,
2025,Charles,Vaughan,,,,,
2026,Edward,Anwar,,,,,
2027,Fraser,Barry,,,,,
2028,Duncan,Bond,,,,,
2029,Garry,Browne,,,,,
2030,Bryan,Budge,,,,,
2031,Ewan,Cooney,,,,,
2032,Nicholas,Costello,,,,,
2033,Donald,Coyne,,,,,
2034,Philip,Cuthill,,,,,
2035,Alastair,Dallas,,,,,
2036,Adam,Deacon,,,,,
2037,Jason,Drever,,,,,
2038,Euan,Fallon,,,,,
2039,Russell,Fergusson,,,,,
2040,Sean,Foy,,,,,
2041,Malcolm,Glennie,,,,,
2042,Patrick,Hampson,,,,,
2043,Raymond,Heath,,,,,
2044,Alasdair,Herron,,,,,
2045,Liam,Hetherington,,,,,
2046,Greig,Kelman,,,,,
2047,Gregor,Lyle,,,,,
2048,Ronald,Mather,,,,,
2049,Greg,Mccolgan,,,,,
2050,Shaun,Mccrae,,,,,
2051,Wayne,Mccreath,,,,,
2052,Bruce,Mcivor,,,,,
2053,Marc,Mcmullen,,,,,
2054,Robin,Mcsherry,,,,,
2055,Cameron,Mcwhinnie,,,,,
2056,Francis,Miles,,,,,
2057,Angus,Molloy,,,,,
2058,Gerard,Ogg,,,,,
2059,Kris,Parry,,,,,
2060,Calum,Peat,,,,,
2061,Benjamin,Peden,,,,,
2062,Rory,Proudfoot,,,,,
2063,Dean,Rhodes,,,,,
2064,Timothy,Scally,,,,,
2065,Samuel,Schofield,,,,,
2066,Niall,Shah,,,,,
2067,Hugh,Shiels,,,,,
2068,Lewis,Skelton,,,,,
2069,Murray,Stanton,,,,,
2070,Justin,Sykes,,,,,
2071,Roderick,Travers,,,,,
2072,David,Ure,,,,,
2073,John,Walters,,,,,
2074,Andrew,Warner,,,,,
2075,James,Wightman,,,,,
2076,Christopher,Balmer,,,,,
2077,Paul,Barlow,,,,,
2078,Steven,Brownlee,,,,,
2079,Kevin,Bryant,,,,,
2080,Robert,Cain,,,,,
2081,Scott,Carswell,,,,,
2082,Craig,Cherry,,,,,
2083,Michael,Colvin,,,,,
2084,Mark,Duke,,,,,
2085,Stuart,Egan,,,,,
2086,Stephen,Esson,,,,,
2087,Alan,Fairgrieve,,,,,
2088,William,Faulkner,,,,,
2089,Gary,Hartley,,,,,
2090,Ross,Hoggan,,,,,
2091,Colin,Keddie,,,,,
2092,Brian,Keegan,,,,,
2093,Barry,Kelso,,,,,
2094,Richard,Maccallum,,,,,
2095,Martin,Macqueen,,,,,
2096,Thomas,Mcalister,,,,,
2097,Neil,Mcardle,,,,,
2098,Peter,Mccarron,,,,,
2099,Iain,Mcclelland,,,,,
2100,Graeme,Mckendrick,,,,,
2101,Ian,Mckinley,,,,,
2102,Gordon,Mcmenamin,,,,,
2103,Alexander,Mcphillips,,,,,
2104,Ryan,Norman,,,,,
2105,Derek,O'shea,,,,,
2106,Kenneth,Pope,,,,,
2107,Allan,Pryde,,,,,
2108,Jamie,Purvis,,,,,
2109,Graham,Reeves,,,,,
2110,Gavin,Rehman,,,,,
2111,Darren,Scobie,,,,,
2112,Stewart,Sharif,,,,,
2113,Gareth,Strain,,,,,
2114,Jonathan,Telford,,,,,
2115,Daniel,Thorpe,,,,,
2116,Douglas,Tucker,,,,,
2117,Grant,Vance,,,,,
2118,Lee,Whelan,,,,,
2119,George,Wilkins,,,,,
2120,Joseph,Willis,,,,,
2121,Simon,Winter,,,,,
2122,Matthew,Batchelor,,,,,
2123,Keith,Beaumont,,,,,
2124,Anthony,Carnegie,,,,,
2125,Fraser,Clifford,,,,,
2126,Garry,Colville,,,,,
2127,Alistair,Convery,,,,,
2128,Bryan,Craigie,,,,,
2129,Philip,Cranston,,,,,
2130,Adam,Cruickshanks,,,,,
2131,Sean,Donohoe,,,,,
2132,Duncan,Doolan,,,,,
2133,Edward,Elrick,,,,,
2134,Charles,English,,,,,
2135,Ewan,Fairlie,,,,,
2136,Russell,Fenwick,,,,,
2137,Donald,Forster,,,,,
2138,Patrick,Fullarton,,,,,
2139,Alastair,Garvie,,,,,
2140,Euan,Glancy,,,,,
2141,Jason,Glendinning,,,,,
2142,Nicholas,Goodfellow,,,,,
2143,Marc,Greenhill,,,,,
2144,Raymond,Haggerty,,,,,
2145,Malcolm,Harrower,,,,,
2146,Greig,Hickey,,,,,
2147,Alasdair,Hoey,,,,,
2148,Greg,Hooper,,,,,
2149,Liam,Irwin,,,,,
2150,Shaun,Kavanagh,,,,,
2151,Francis,Lacey,,,,,
2152,Ronald,Logue,,,,,
2153,Benjamin,Macfadyen,,,,,
2154,Cameron,Maclaren,,,,,
2155,Dean,Maclellan,,,,,
2156,Niall,Mathewson,,,,,
2157,Gerard,Mccrone,,,,,
2158,Murray,Mccusker,,,,,
2159,Robin,Mcdonagh,,,,,
2160,Timothy,Mcfadzean,,,,,
2161,Bruce,Mcghie,,,,,
2162,Hugh,Mcglashan,,,,,
2163,Calum,Mcglone,,,,,
2164,Kris,Mckean,,,,,
2165,Wayne,Mcnamee,,,,,
2166,Roderick,Mcritchie,,,,,
2167,Samuel,Mcrobbie,,,,,
2168,Martyn,Moncrieff,,,,,
2169,Angus,Nash,,,,,
2170,Gregor,Norton,,,,,
2171,Jon,O'malley,,,,,
2172,Rory,Patel,,,,,
2173,David,Perkins,,,,,
2174,John,Peterson,,,,,
2175,Andrew,Ralph,,,,,
2176,Christopher,Rollo,,,,,
2177,James,Sanders,,,,,
2178,Paul,Simmons,,,,,
2179,Steven,Skene,,,,,
2180,Craig,Slaven,,,,,
2181,Michael,Symington,,,,,
2182,Scott,Tough,,,,,
2183,Kevin,Warden,,,,,
2184,Robert,Waters,,,,,
2185,Mark,Wheeler,,,,,
2186,Stuart,Whitton,,,,,
2187,Stephen,Anthony,,,,,
2188,Gary,Ashraf,,,,,
2189,Alan,Baldwin,,,,,
2190,William,Beckett,,,,,
2191,Ross,Bonnar,,,,,
2192,Colin,Brock,,,,,
2193,Martin,Burrell,,,,,
2194,Thomas,Carberry,,,,,
2195,Barry,Carrick,,,,,
2196,Brian,Cattanach,,,,,
2197,Neil,Caulfield,,,,,
2198,Richard,Cheyne,,,,,
2199,Graeme,Coventry,,,,,
2200,Peter,Crighton,,,,,
2201,Iain,Crooks,,,,,
2202,Gordon,Dryden,,,,,
2203,Ian,Dunnett,,,,,
2204,Alexander,Edmond,,,,,
2205,Darren,Gale,,,,,
2206,Derek,Hanlon,,,,,
2207,Graham,Hislop,,,,,
2208,Ryan,Holt,,,,,
2209,Jamie,Kearney,,,,,
2210,Kenneth,Leckie,,,,,
2211,Allan,Leiper,,,,,
2212,Gavin,Macarthur,,,,,
2213,Jonathan,Mack,,,,,
2214,Daniel,Mathers,,,,,
2215,George,Mcginn,,,,,
2216,Douglas,Mckinney,,,,,
2217,Stewart,Mearns,,,,,
2218,Matthew,Melrose,,,,,
2219,Anthony,More,,,,,
2220,Keith,Morrice,,,,,
2221,Grant,Mullan,,,,,
2222,Sean,Paxton,,,,,
2223,Simon,Purves,,,,,
2224,Gareth,Sommerville,,,,,
2225,Garry,Tonner,,,,,
2226,Lee,Wales,,,,,
2227,Fraser,Wang,,,,,
2228,Alistair,Whitehead,,,,,
2229,Adam,Addison,,,,,
2230,Joseph,Aird,,,,,
2231,Nicholas,Bernard,,,,,
2232,Bryan,Bradford,,,,,
2233,Charles,Briggs,,,,,
2234,Duncan,Cartwright,,,,,
2235,Philip,Conroy,,,,,
2236,Russell,Copland,,,,,
2237,Donald,Dalgleish,,,,,
2238,Edward,Diamond,,,,,
2239,Marc,Dougall,,,,,
2240,Alastair,Gerrard,,,,,
2241,Greg,Gracie,,,,,
2242,Euan,Hammond,,,,,
2243,Raymond,Ho,,,,,
2244,Shaun,Holden,,,,,
2245,Ewan,Horsburgh,,,,,
2246,Jason,Li,,,,,
2247,Patrick,Macintosh,,,,,
2248,Alasdair,Magee,,,,,
2249,Gerard,Malik,,,,,
2250,Malcolm,Matthew,,,,,
2251,Calum,Mccue,,,,,
2252,Liam,Mcdaid,,,,,
2253,Bruce,Mckillop,,,,,
2254,Ronald,Morrow,,,,,
2255,Kris,Pattison,,,,,
2256,Hugh,Rankine,,,,,
2257,Lewis,Renton,,,,,
2258,Dean,Ronald,,,,,
2259,Greig,Samson,,,,,
2260,Benjamin,Sharma,,,,,
2261,Wayne,Soutar,,,,,
2262,Martyn,Spiers,,,,,
2263,Niall,Sturrock,,,,,
2264,Callum,Abbott,,,,,
2265,Francis,Archer,,,,,
2266,Cameron,Benson,,,,,
2267,Gregor,Birnie,,,,,
2268,Angus,Breen,,,,,
2269,Aaron,Bryden,,,,,
2270,Blair,Crosbie,,,,,
2271,Dale,Dobbie,,,,,
2272,Samuel,Duffin,,,,,
2273,Timothy,Gibbs,,,,,
2274,David,Girvan,,,,,
2275,Christopher,Grierson,,,,,
2276,John,Guy,,,,,
2277,Andrew,Kinnaird,,,,,
2278,James,Lane,,,,,
2279,Paul,May,,,,,
2280,Steven,Mcgrory,,,,,
2281,Craig,Mercer,,,,,
2282,Scott,Monteith,,,,,
2283,Mark,Spalding,,,,,
2284,Michael,Stokes,,,,,
2285,Robert,Stott,,,,,
2286,Kevin,Veitch,,,,,
2287,Stuart,Woodward,,,,,
2288,William,Aslam,,,,,
2289,Alan,Bentley,,,,,
2290,Stephen,Bulloch,,,,,
2291,Gary,Cavanagh,,,,,
2292,Ross,Courtney,,,,,
2293,Martin,Dalgarno,,,,,
2294,Colin,Donoghue,,,,,
2295,Richard,Fitzsimmons,,,,,
2296,Thomas,Fordyce,,,,,
2297,Brian,Friel,,,,,
2298,Barry,Gault,,,,,
2299,Neil,Haldane,,,,,
2300,Graeme,Honeyman,,,,,
2301,Gordon,Hutcheon,,,,,
2302,Ian,Kean,,,,,
2303,Iain,Long,,,,,
2304,Peter,Louden,,,,,
2305,Darren,Lowrie,,,,,
2306,Alexander,Maclachlan,,,,,
2307,Jamie,Macneil,,,,,
2308,Ryan,Mcgillivray,,,,,
2309,Graham,Mcgurk,,,,,
2310,Jonathan,Mchardy,,,,,
2311,Derek,Mcilroy,,,,,
2312,Kenneth,Mcniven,,,,,
2313,Daniel,Pearce,,,,,
2314,Allan,Philp,,,,,
2315,Matthew,Rogerson,,,,,
2316,Gavin,Stafford,,,,,
2317,Lee,Stoddart,,,,,
2318,Stewart,Sutton,,,,,
2319,Douglas,Tennant,,,,,
2320,George,Trotter,,,,,
2321,Sean,Weston,,,,,
2322,Nicholas,Wotherspoon,,,,,
2323,Simon,Akhtar,,,,,
2324,Fraser,Barber,,,,,
2325,Keith,Bishop,,,,,
2326,Anthony,Clayton,,,,,
2327,Joseph,Curtis,,,,,
2328,Adam,Dalton,,,,,
2329,Gareth,Emslie,,,,,
2330,Grant,Ferry,,,,,
2331,Bryan,Garrett,,,,,
2332,Duncan,Gillon,,,,,
2333,Philip,Greenwood,,,,,
2334,Euan,Ironside,,,,,
2335,Alistair,Jennings,,,,,
2336,Garry,Kilgour,,,,,
2337,Ewan,Kirkland,,,,,
2338,Charles,Lavery,,,,,
2339,Edward,Littlejohn,,,,,
2340,Jason,Lothian,,,,,
2341,Marc,Loudon,,,,,
2342,Shaun,Macgillivray,,,,,
2343,Donald,Marsh,,,,,
2344,Russell,Mcavoy,,,,,
2345,Alastair,Mcgoldrick,,,,,
2346,Patrick,Mcpake,,,,,
2347,Calum,Mcquillan,,,,,
2348,Liam,Milton,,,,,
2349,Alasdair,Ness,,,,,
2350,Greg,Parkinson,,,,,
2351,Callum,Parsons,,,,,
2352,Raymond,Poole,,,,,
2353,Benjamin,Reed,,,,,
2354,Gerard,Sheridan,,,,,
2355,Malcolm,Toner,,,,,
2356,Cameron,Wardlaw,,,,,
2357,Aaron,Watts,,,,,
2358,Ronald,Adair,,,,,
2359,Bruce,Arshad,,,,,
2360,Greig,Bertram,,,,,
2361,Lewis,Bissett,,,,,
2362,Francis,Cleland,,,,,
2363,Dean,Couper,,,,,
2364,Gregor,Dalrymple,,,,,
2365,Niall,Davison,,,,,
2366,Jordan,Denholm,,,,,
2367,Kris,Frost,,,,,
2368,Martyn,Gaffney,,,,,
2369,Robin,Glasgow,,,,,
2370,Samuel,Hagan,,,,,
2371,Blair,Harding,,,,,
2372,Hugh,Hardy,,,,,
2373,Mohammed,Harkin,,,,,
2374,Murray,Hogarth,,,,,
2375,Wayne,Lambie,,,,,
2376,David,Mallon,,,,,
2377,Christopher,Mccready,,,,,
2378,Andrew,Mcnee,,,,,
2379,John,Moss,,,,,
2380,James,Nichol,,,,,
2381,Craig,O'reilly,,,,,
2382,Steven,Rees,,,,,
2383,Paul,Rendall,,,,,
2384,Michael,Renwick,,,,,
2385,Scott,Roxburgh,,,,,
2386,Robert,Sangster,,,,,
2387,Mark,Souter,,,,,
2388,William,Stalker,,,,,
2389,Kevin,Stenhouse,,,,,
2390,Stuart,Tracey,,,,,
2391,Stephen,Watkins,,,,,
2392,Alan,Arnold,,,,,
2393,Gary,Broadley,,,,,
2394,Ross,Burrows,,,,,
2395,Colin,Cleary,,,,,
2396,Richard,Coghill,,,,,
2397,Martin,Conn,,,,,
2398,Thomas,Cowe,,,,,
2399,Neil,Drennan,,,,,
2400,Ryan,Dunne,,,,,
2401,Graeme,Fitzgerald,,,,,
2402,Brian,Fortune,,,,,
2403,Peter,Gavin,,,,,
2404,Gordon,Godfrey,,,,,
2405,Darren,Gowans,,,,,
2406,Ian,Gregory,,,,,
2407,Jamie,Haggart,,,,,
2408,Alexander,Haig,,,,,
2409,Iain,Harvie,,,,,
2410,Graham,He,,,,,
2411,Barry,Hurst,,,,,
2412,Allan,Jolly,,,,,
2413,Jonathan,Kinnear,,,,,
2414,Daniel,Kirby,,,,,
2415,Gavin,Leighton,,,,,
2416,Derek,Lochrie,,,,,
2417,Kenneth,Mcelroy,,,,,
2418,Sean,Mcginlay,,,,,
2419,Matthew,Mcminn,,,,,
2420,Lee,Mcmullan,,,,,
2421,George,Nicholls,,,,,
2422,Nicholas,Peebles,,,,,
2423,Anthony,Rahman,,,,,
2424,Stewart,Redpath,,,,,
2425,Fraser,Rowe,,,,,
2426,Douglas,Sandison,,,,,
2427,Keith,Stone,,,,,
2428,Joseph,Storrie,,,,,
2429,Grant,Struthers,,,,,
2430,Marc,Talbot,,,,,
2431,Adam,Tomlinson,,,,,
2432,Simon,Vaughan,,,,,
2433,Alistair,Anwar,,,,,
2434,Garry,Barry,,,,,
2435,Alastair,Bond,,,,,
2436,Bryan,Browne,,,,,
2437,Liam,Budge,,,,,
2438,Jason,Cooney,,,,,
2439,Duncan,Costello,,,,,
2440,Euan,Coyne,,,,,
2441,Charles,Cuthill,,,,,
2442,Greg,Dallas,,,,,
2443,Edward,Deacon,,,,,
2444,Philip,Drever,,,,,
2445,Russell,Fallon,,,,,
2446,Shaun,Fergusson,,,,,
2447,Gareth,Foy,,,,,
2448,Ewan,Glennie,,,,,
2449,Calum,Hampson,,,,,
2450,Callum,Heath,,,,,
2451,Donald,Herron,,,,,
2452,Cameron,Hetherington,,,,,
2453,Raymond,Kelman,,,,,
2454,Patrick,Lyle,,,,,
2455,Alasdair,Mather,,,,,
2456,Dean,Mccolgan,,,,,
2457,Greig,Mccrae,,,,,
2458,Lewis,Mccreath,,,,,
2459,Benjamin,Mcivor,,,,,
2460,Malcolm,Mcmullen,,,,,
2461,Niall,Mcsherry,,,,,
2462,Gerard,Mcwhinnie,,,,,
2463,Martyn,Miles,,,,,
2464,Jordan,Molloy,,,,,
2465,Aaron,Ogg,,,,,
2466,Francis,Parry,,,,,
2467,Hugh,Peat,,,,,
2468,Gregor,Peden,,,,,
2469,Mohammed,Proudfoot,,,,,
2470,Robin,Rhodes,,,,,
2471,Samuel,Scally,,,,,
2472,Angus,Schofield,,,,,
2473,Bruce,Shah,,,,,
2474,Kris,Shiels,,,,,
2475,Ronald,Skelton,,,,,
2476,David,Stanton,,,,,
2477,Christopher,Sykes,,,,,
2478,Andrew,Travers,,,,,
2479,John,Ure,,,,,
2480,James,Walters,,,,,
2481,Craig,Warner,,,,,
2482,Steven,Wightman,,,,,
2483,Paul,Balmer,,,,,
2484,Michael,Barlow,,,,,
2485,Mark,Brownlee,,,,,
2486,Scott,Bryant,,,,,
2487,Robert,Cain,,,,,
2488,Stuart,Carswell,,,,,
2489,Kevin,Cherry,,,,,
2490,William,Colvin,,,,,
2491,Stephen,Duke,,,,,
2492,Gary,Egan,,,,,
2493,Alan,Esson,,,,,
2494,Ross,Fairgrieve,,,,,
2495,Richard,Faulkner,,,,,
2496,Thomas,Hartley,,,,,
2497,Neil,Hoggan,,,,,
2498,Colin,Keddie,,,,,
2499,Martin,Keegan,,,,,
2500,Ryan,Kelso,,,,,
2501,Graeme,Maccallum,,,,,
2502,Peter,Macqueen,,,,,
2503,Jamie,Mcalister,,,,,
2504,Iain,Mcardle,,,,,
2505,Darren,Mccarron,,,,,
2506,Gordon,Mcclelland,,,,,
2507,Ian,Mckendrick,,,,,
2508,Graham,Mckinley,,,,,
2509,Brian,Mcmenamin,,,,,
2510,Daniel,Mcphillips,,,,,
2511,Alexander,Norman,,,,,
2512,Sean,O'shea,,,,,
2513,Matthew,Pope,,,,,
2514,Barry,Pryde,,,,,
2515,Allan,Purvis,,,,,
2516,Kenneth,Reeves,,,,,
2517,Lee,Rehman,,,,,
2518,Derek,Scobie,,,,,
2519,Jonathan,Sharif,,,,,
2520,Gavin,Strain,,,,,
2521,Joseph,Telford,,,,,
2522,Adam,Thorpe,,,,,
2523,Stewart,Tucker,,,,,
2524,Fraser,Vance,,,,,
2525,George,Whelan,,,,,
2526,Grant,Wilkins,,,,,
2527,Nicholas,Willis,,,,,
2528,Anthony,Winter,,,,,
2529,Douglas,Batchelor,,,,,
2530,Simon,Beaumont,,,,,
2531,Marc,Carnegie,,,,,
2532,Alistair,Clifford,,,,,
2533,Liam,Colville,,,,,
2534,Keith,Convery,,,,,
2535,Philip,Craigie,,,,,
2536,Shaun,Cranston,,,,,
2537,Garry,Cruickshanks,,,,,
2538,Edward,Donohoe,,,,,
2539,Greg,Doolan,,,,,
2540,Euan,Elrick,,,,,
2541,Alastair,English,,,,,
2542,Alasdair,Fairlie,,,,,
2543,Callum,Fenwick,,,,,
2544,Patrick,Forster,,,,,
2545,Calum,Fullarton,,,,,
2546,Duncan,Garvie,,,,,
2547,Jason,Glancy,,,,,
2548,Bryan,Glendinning,,,,,
2549,Raymond,Goodfellow,,,,,
2550,Charles,Greenhill,,,,,
2551,Donald,Haggerty,,,,,
2552,Ewan,Harrower,,,,,
2553,Russell,Hickey,,,,,
2554,Lewis,Hoey,,,,,
2555,Cameron,Hooper,,,,,
2556,Dean,Irwin,,,,,
2557,Benjamin,Kavanagh,,,,,
2558,Gareth,Lacey,,,,,
2559,Malcolm,Logue,,,,,
2560,Samuel,Macfadyen,,,,,
2561,Niall,Maclaren,,,,,
2562,Gerard,Maclellan,,,,,
2563,Aaron,Mathewson,,,,,
2564,Greig,Mccrone,,,,,
2565,Ben,Mccusker,,,,,
2566,Martyn,Mcdonagh,,,,,
2567,Bruce,Mcfadzean,,,,,
2568,Jordan,Mcghie,,,,,
2569,Kieran,Mcglashan,,,,,
2570,Niall,Mcglone,,,,,
2571,Timothy,Mckean,,,,,
2572,Antony,Mcnamee,,,,,
2573,David,Mcritchie,,,,,
2574,John,Mcrobbie,,,,,
2575,Andrew,Moncrieff,,,,,
2576,Paul,Nash,,,,,
2577,James,Norton,,,,,
2578,Christopher,O'malley,,,,,
2579,Steven,Patel,,,,,
2580,Scott,Perkins,,,,,
2581,Mark,Peterson,,,,,
2582,Robert,Ralph,,,,,
2583,Craig,Rollo,,,,,
2584,Kevin,Sanders,,,,,
2585,Michael,Simmons,,,,,
2586,Stuart,Skene,,,,,
2587,Stephen,Slaven,,,,,
2588,Alan,Symington,,,,,
2589,Colin,Tough,,,,,
2590,William,Warden,,,,,
2591,Brian,Waters,,,,,
2592,Barry,Wheeler,,,,,
2593,Ross,Whitton,,,,,
2594,Gary,Anthony,,,,,
2595,Martin,Ashraf,,,,,
2596,Thomas,Baldwin,,,,,
2597,Richard,Beckett,,,,,
2598,Graeme,Bonnar,,,,,
2599,Neil,Brock,,,,,
2600,Peter,Burrell,,,,,
2601,Iain,Carberry,,,,,
2602,Gordon,Carrick,,,,,
2603,Derek,Cattanach,,,,,
2604,Ian,Caulfield,,,,,
2605,Alexander,Cheyne,,,,,
2606,Kenneth,Coventry,,,,,
2607,Graham,Crighton,,,,,
2608,Allan,Crooks,,,,,
2609,Darren,Dryden,,,,,
2610,Gavin,Dunnett,,,,,
2611,Jamie,Hanlon,,,,,
2612,Douglas,Hislop,,,,,
2613,Ryan,Holt,,,,,
2614,Simon,Kearney,,,,,
2615,George,Leckie,,,,,
2616,Matthew,Leiper,,,,,
2617,Lee,Macarthur,,,,,
2618,Stewart,Mack,,,,,
2619,Keith,Mathers,,,,,
2620,Daniel,Mcginn,,,,,
2621,Anthony,Mckinney,,,,,
2622,Grant,Mearns,,,,,
2623,Gareth,Melrose,,,,,
2624,Jonathan,More,,,,,
2625,Joseph,Morrice,,,,,
2626,Alistair,Mullan,,,,,
2627,Charles,Paxton,,,,,
2628,Edward,Purves,,,,,
2629,Fraser,Sommerville,,,,,
2630,Duncan,Tonner,,,,,
2631,Garry,Wales,,,,,
2632,Bryan,Wang,,,,,
2633,Ewan,Whitehead,,,,,
2634,Nicholas,Addison,,,,,
2635,Donald,Aird,,,,,
2636,Philip,Bernard,,,,,
2637,Alastair,Bradford,,,,,
2638,Adam,Briggs,,,,,
2639,Jason,Cartwright,,,,,
2640,Euan,Conroy,,,,,
2641,Russell,Copland,,,,,
2642,Sean,Dalgleish,,,,,
2643,Malcolm,Diamond,,,,,
2644,Patrick,Dougall,,,,,
2645,Raymond,Gerrard,,,,,
2646,Alasdair,Gracie,,,,,
2647,Liam,Hammond,,,,,
2648,Greig,Ho,,,,,
2649,Gregor,Holden,,,,,
2650,Ronald,Horsburgh,,,,,
2651,Greg,Li,,,,,
2652,Shaun,Macintosh,,,,,
2653,Wayne,Magee,,,,,
2654,Bruce,Malik,,,,,
2655,Marc,Matthew,,,,,
2656,Robin,Mccue,,,,,
2657,Cameron,Mcdaid,,,,,
2658,Francis,Mckillop,,,,,
2659,Angus,Morrow,,,,,
2660,Gerard,Pattison,,,,,
2661,Kris,Rankine,,,,,
2662,Calum,Renton,,,,,
2663,Benjamin,Ronald,,,,,
2664,Rory,Samson,,,,,
2665,Dean,Sharma,,,,,
2666,Timothy,Soutar,,,,,
2667,Samuel,Spiers,,,,,
2668,Niall,Sturrock,,,,,
2669,Hugh,Abbott,,,,,
2670,Lewis,Archer,,,,,
2671,Murray,Benson,,,,,
2672,Justin,Birnie,,,,,
2673,Roderick,Breen,,,,,
2674,David,Bryden,,,,,
2675,John,Crosbie,,,,,
2676,Andrew,Dobbie,,,,,
2677,James,Duffin,,,,,
2678,Christopher,Gibbs,,,,,
2679,Paul,Girvan,,,,,
2680,Steven,Grierson,,,,,
2681,Kevin,Guy,,,,,
2682,Robert,Kinnaird,,,,,
2683,Scott,Lane,,,,,
2684,Craig,May,,,,,
2685,Michael,Mcgrory,,,,,
2686,Mark,Mercer,,,,,
2687,Stuart,Monteith,,,,,
2688,Stephen,Spalding,,,,,
2689,Alan,Stokes,,,,,
2690,William,Stott,,,,,
2691,Gary,Veitch,,,,,
2692,Ross,Woodward,,,,,
2693,Colin,Aslam,,,,,
2694,Brian,Bentley,,,,,
2695,Barry,Bulloch,,,,,
2696,Richard,Cavanagh,,,,,
2697,Martin,Courtney,,,,,
2698,Thomas,Dalgarno,,,,,
2699,Neil,Donoghue,,,,,
2700,Peter,Fitzsimmons,,,,,
2701,Iain,Fordyce,,,,,
2702,Graeme,Friel,,,,,
2703,Ian,Gault,,,,,
2704,Gordon,Haldane,,,,,
2705,Alexander,Honeyman,,,,,
2706,Ryan,Hutcheon,,,,,
2707,Derek,Kean,,,,,
2708,Kenneth,Long,,,,,
2709,Allan,Louden,,,,,
2710,Jamie,Lowrie,,,,,
2711,Graham,Maclachlan,,,,,
2712,Gavin,Macneil,,,,,
2713,Darren,Mcgillivray,,,,,
2714,Stewart,Mcgurk,,,,,
2715,Gareth,Mchardy,,,,,
2716,Jonathan,Mcilroy,,,,,
2717,Daniel,Mcniven,,,,,
2718,Douglas,Pearce,,,,,
2719,Grant,Philp,,,,,
2720,Lee,Rogerson,,,,,
2721,George,Stafford,,,,,
2722,Joseph,Stoddart,,,,,
2723,Simon,Sutton,,,,,
2724,Matthew,Tennant,,,,,
2725,Keith,Trotter,,,,,
2726,Anthony,Weston,,,,,
2727,Fraser,Wotherspoon,,,,,
2728,Garry,Akhtar,,,,,
2729,Alistair,Barber,,,,,
2730,Bryan,Bishop,,,,,
2731,Philip,Clayton,,,,,
2732,Adam,Curtis,,,,,
2733,Sean,Dalton,,,,,
2734,Duncan,Emslie,,,,,
2735,Edward,Ferry,,,,,
2736,Charles,Garrett,,,,,
2737,Ewan,Gillon,,,,,
2738,Russell,Greenwood,,,,,
2739,Donald,Ironside,,,,,
2740,Patrick,Jennings,,,,,
2741,Alastair,Kilgour,,,,,
2742,Euan,Kirkland,,,,,
2743,Jason,Lavery,,,,,
2744,Nicholas,Littlejohn,,,,,
2745,Marc,Lothian,,,,,
2746,Raymond,Loudon,,,,,
2747,Malcolm,Macgillivray,,,,,
2748,Greig,Marsh,,,,,
2749,Alasdair,Mcavoy,,,,,
2750,Greg,Mcgoldrick,,,,,
2751,Liam,Mcpake,,,,,
2752,Shaun,Mcquillan,,,,,
2753,Francis,Milton,,,,,
2754,Ronald,Ness,,,,,
2755,Benjamin,Parkinson,,,,,
2756,Cameron,Parsons,,,,,
2757,Dean,Poole,,,,,
2758,Niall,Reed,,,,,
2759,Gerard,Sheridan,,,,,
2760,Murray,Toner,,,,,
2761,Robin,Wardlaw,,,,,
2762,Timothy,Watts,,,,,
2763,Bruce,Adair,,,,,
2764,Hugh,Arshad,,,,,
2765,Calum,Bertram,,,,,
2766,Kris,Bissett,,,,,
2767,Wayne,Cleland,,,,,
2768,Roderick,Couper,,,,,
2769,Samuel,Dalrymple,,,,,
2770,Martyn,Davison,,,,,
2771,Angus,Denholm,,,,,
2772,Gregor,Frost,,,,,
2773,Jon,Gaffney,,,,,
2774,Rory,Glasgow,,,,,
2775,David,Hagan,,,,,
2776,John,Harding,,,,,
2777,Andrew,Hardy,,,,,
2778,Christopher,Harkin,,,,,
2779,James,Hogarth,,,,,
2780,Paul,Lambie,,,,,
2781,Steven,Mallon,,,,,
2782,Craig,Mccready,,,,,
2783,Michael,Mcnee,,,,,
2784,Scott,Moss,,,,,
2785,Kevin,Nichol,,,,,
2786,Robert,O'reilly,,,,,
2787,Mark,Rees,,,,,
2788,Stuart,Rendall,,,,,
2789,Stephen,Renwick,,,,,
2790,Gary,Roxburgh,,,,,
2791,Alan,Sangster,,,,,
2792,William,Souter,,,,,
2793,Ross,Stalker,,,,,
2794,Colin,Stenhouse,,,,,
2795,Martin,Tracey,,,,,
2796,Thomas,Watkins,,,,,
2797,Barry,Arnold,,,,,
2798,Brian,Broadley,,,,,
2799,Neil,Burrows,,,,,
2800,Richard,Cleary,,,,,
2801,Graeme,Coghill,,,,,
2802,Peter,Conn,,,,,
2803,Iain,Cowe,,,,,
2804,Gordon,Drennan,,,,,
2805,Ian,Dunne,,,,,
2806,Alexander,Fitzgerald,,,,,
2807,Darren,Fortune,,,,,
2808,Derek,Gavin,,,,,
2809,Graham,Godfrey,,,,,
2810,Ryan,Gowans,,,,,
2811,Jamie,Gregory,,,,,
2812,Kenneth,Haggart,,,,,
2813,Allan,Haig,,,,,
2814,Gavin,Harvie,,,,,
2815,Jonathan,He,,,,,
2816,Daniel,Hurst,,,,,
2817,George,Jolly,,,,,
2818,Douglas,Kinnear,,,,,
2819,Stewart,Kirby,,,,,
2820,Matthew,Leighton,,,,,
2821,Anthony,Lochrie,,,,,
2822,Keith,Mcelroy,,,,,
2823,Grant,Mcginlay,,,,,
2824,Sean,Mcminn,,,,,
2825,Simon,Mcmullan,,,,,
2826,Gareth,Nicholls,,,,,
2827,Garry,Peebles,,,,,
2828,Lee,Rahman,,,,,
2829,Fraser,Redpath,,,,,
2830,Alistair,Rowe,,,,,
2831,Adam,Sandison,,,,,
2832,Joseph,Stone,,,,,
2833,Nicholas,Storrie,,,,,
2834,Bryan,Struthers,,,,,
2835,Charles,Talbot,,,,,
2836,Duncan,Tomlinson,,,,,
2837,Philip,Vaughan,,,,,
2838,Russell,Anwar,,,,,
2839,Donald,Barry,,,,,
2840,Edward,Bond,,,,,
2841,Marc,Browne,,,,,
2842,Alastair,Budge,,,,,
2843,Greg,Cooney,,,,,
2844,Euan,Costello,,,,,
2845,Raymond,Coyne,,,,,
2846,Shaun,Cuthill,,,,,
2847,Ewan,Dallas,,,,,
2848,Stephen,Deacon,,,,,
2849,William,Drever,,,,,
2850,Craig,Fallon,,,,,
2851,Michael,Fergusson,,,,,
2852,Stuart,Foy,,,,,
2853,Christopher,Glennie,,,,,
2854,Alan,Hampson,,,,,
2855,Colin,Heath,,,,,
2856,Brian,Herron,,,,,
2857,Kevin,Hetherington,,,,,
2858,Gary,Kelman,,,,,
2859,Richard,Lyle,,,,,
2860,Derek,Mather,,,,,
2861,Martin,Mccolgan,,,,,
2862,Thomas,Mccrae,,,,,
2863,Neil,Mccreath,,,,,
2864,Barry,Mcivor,,,,,
2865,Ian,Mcmullen,,,,,
2866,Jason,Mcsherry,,,,,
2867,Iain,Mcwhinnie,,,,,
2868,Gordon,Miles,,,,,
2869,Alexander,Molloy,,,,,
2870,Graeme,Ogg,,,,,
2871,Peter,Parry,,,,,
2872,Darren,Peat,,,,,
2873,Graham,Peden,,,,,
2874,George,Proudfoot,,,,,
2875,Kenneth,Rhodes,,,,,
2876,Allan,Scally,,,,,
2877,Simon,Schofield,,,,,
2878,Douglas,Shah,,,,,
2879,Keith,Shiels,,,,,
2880,Lee,Skelton,,,,,
2881,Anthony,Stanton,,,,,
2882,Grant,Sykes,,,,,
2883,Ross,Travers,,,,,
2884,Jonathan,Ure,,,,,
2885,Gavin,Walters,,,,,
2886,Nicholas,Warner,,,,,
2887,Joseph,Wightman,,,,,
2888,Stewart,Balmer,,,,,
2889,Daniel,Barlow,,,,,
2890,Edward,Brownlee,,,,,
2891,Matthew,Bryant,,,,,
2892,Donald,Cain,,,,,
2893,Fraser,Carswell,,,,,
2894,Garry,Cherry,,,,,
2895,Malcolm,Colvin,,,,,
2896,Charles,Duke,,,,,
2897,Duncan,Egan,,,,,
2898,Alistair,Esson,,,,,
2899,Raymond,Fairgrieve,,,,,
2900,Philip,Faulkner,,,,,
2901,Ronald,Hartley,,,,,
2902,Ewan,Hoggan,,,,,
2903,Ryan,Keddie,,,,,
2904,Francis,Keegan,,,,,
2905,Bruce,Kelso,,,,,
2906,Patrick,Maccallum,,,,,
2907,Alastair,Macqueen,,,,,
2908,Bryan,Mcalister,,,,,
2909,Marc,Mcardle,,,,,
2910,Jamie,Mccarron,,,,,
2911,Hugh,Mcclelland,,,,,
2912,Euan,Mckendrick,,,,,
2913,Gerard,Mckinley,,,,,
2914,Sean,Mcmenamin,,,,,
2915,Wayne,Mcphillips,,,,,
2916,Adam,Norman,,,,,
2917,Calum,O'shea,,,,,
2918,Alasdair,Pope,,,,,
2919,Robin,Pryde,,,,,
2920,Greig,Purvis,,,,,
2921,Angus,Reeves,,,,,
2922,Russell,Rehman,,,,,
2923,Cameron,Scobie,,,,,
2924,Roderick,Sharif,,,,,
2925,Norman,Strain,,,,,
2926,Murray,Telford,,,,,
2927,Gareth,Thorpe,,,,,
2928,Dean,Tucker,,,,,
2929,Eric,Vance,,,,,
2930,Adrian,Whelan,,,,,
2931,Gregor,Wilkins,,,,,
2932,Samuel,Willis,,,,,
2933,Gerald,Winter,,,,,
2934,Henry,Batchelor,,,,,
2935,Justin,Beaumont,,,,,
2936,Benjamin,Carnegie,,,,,
2937,Shaun,Clifford,,,,,
2938,Callum,Colville,,,,,
2939,Campbell,Convery,,,,,
2940,Frank,Craigie,,,,,
2941,Roy,Cranston,,,,,
2942,Timothy,Cruickshanks,,,,,
2943,David,Donohoe,,,,,
2944,John,Doolan,,,,,
2945,Paul,Elrick,,,,,
2946,James,English,,,,,
2947,Mark,Fairlie,,,,,
2948,Scott,Fenwick,,,,,
2949,Andrew,Forster,,,,,
2950,Steven,Fullarton,,,,,
2951,Robert,Garvie,,,,,
2952,Stephen,Glancy,,,,,
2953,Craig,Glendinning,,,,,
2954,Christopher,Goodfellow,,,,,
2955,Alan,Greenhill,,,,,
2956,Michael,Haggerty,,,,,
2957,Stuart,Harrower,,,,,
2958,William,Hickey,,,,,
2959,Kevin,Hoey,,,,,
2960,Colin,Hooper,,,,,
2961,Brian,Irwin,,,,,
2962,Derek,Kavanagh,,,,,
2963,Neil,Lacey,,,,,
2964,Richard,Logue,,,,,
2965,Gary,Macfadyen,,,,,
2966,Barry,Maclaren,,,,,
2967,Martin,Maclellan,,,,,
2968,Thomas,Mathewson,,,,,
2969,Ian,Mccrone,,,,,
2970,Gordon,Mccusker,,,,,
2971,Kenneth,Mcdonagh,,,,,
2972,Alexander,Mcfadzean,,,,,
2973,Graeme,Mcghie,,,,,
2974,Peter,Mcglashan,,,,,
2975,Iain,Mcglone,,,,,
2976,Graham,Mckean,,,,,
2977,Jason,Mcnamee,,,,,
2978,George,Mcritchie,,,,,
2979,Allan,Mcrobbie,,,,,
2980,Keith,Moncrieff,,,,,
2981,Darren,Nash,,,,,
2982,Simon,Norton,,,,,
2983,Douglas,O'malley,,,,,
2984,Ross,Patel,,,,,
2985,Stewart,Perkins,,,,,
2986,Lee,Peterson,,,,,
2987,Grant,Ralph,,,,,
2988,Nicholas,Rollo,,,,,
2989,Joseph,Sanders,,,,,
2990,Gavin,Simmons,,,,,
2991,Anthony,Skene,,,,,
2992,Jonathan,Slaven,,,,,
2993,Daniel,Symington,,,,,
